n	row_ratio	col_ratio	offset
1	1.0	1.0	0
287	3.836236933797909	3.843205574912892	2
573	4.003490401396161	4.005235602094241	1
858	4.118881118881119	4.12004662004662	1
1144	4.168706293706293	4.171328671328672	3
1430	4.218881118881119	4.21958041958042	1
1716	4.271561771561772	4.272144522144522	1
2002	4.29020979020979	4.290709290709291	1
2287	4.310887625710538	4.312199387844338	3
2573	4.337738048970074	4.338126700349786	1
2859	4.3711087792934595	4.371458551941238	1
3145	4.391414944356121	4.392368839427663	3
3431	4.407169921305742	4.407461381521422	1
3716	4.420882669537137	4.421151776103337	1
4002	4.437531234382808	4.438030984507746	2
4288	4.456856343283582	4.45732276119403	2
4574	4.4584608657630085	4.458679492785309	1
4860	4.473045267489712	4.473251028806584	1
5145	4.478328474246841	4.478717201166181	2
5431	4.488860246731726	4.489780887497698	5
5717	4.495539618681127	4.495889452510058	2
6003	4.504747626186907	4.5049142095618855	1
6289	4.516457306408014	4.517093337573541	4
6574	4.521448128993002	4.521600243383024	1
6860	4.52930029154519	4.529446064139941	1
7146	4.53302546879373	4.533165407220823	1
7432	4.533369214208827	4.533907427341227	4
7717	4.5345341453932875	4.534663729428535	1
8003	4.541172060477321	4.541546919905036	3
8289	4.548558330317288	4.548799613946194	2
8575	4.560233236151603	4.560349854227406	1
8861	4.566753188127751	4.567091750366775	3
9146	4.569647933522852	4.570085283183905	4
9432	4.5715648854961835	4.572307039864292	7
9718	4.5792344103725044	4.579337312204157	1
10004	4.585165933626549	4.5854658136745305	3
10290	4.590767735665695	4.590962099125364	2
10575	4.597919621749409	4.598486997635934	6
10861	4.604916674339379	4.605008746892551	1
11147	4.610209024849735	4.6102987350856734	1
11433	4.615324061926004	4.615498994139771	2
11719	4.617970816622579	4.618056148135507	1
12004	4.620459846717761	4.620626457847385	2
12290	4.619365337672905	4.619446704637917	1
12576	4.628101145038168	4.628419211195928	4
12862	4.631317058000311	4.631394806406469	1
13148	4.634545177973837	4.634621235168847	1
13433	4.6386510831534284	4.638799970222586	2
13719	4.639988337342372	4.640061228952548	1
14005	4.643127454480543	4.643270260621207	2
14291	4.644251626898048	4.644321601007627	1
14577	4.6482129381903	4.648350140632504	2
14862	4.650316242766788	4.650518099851971	3
15148	4.650844996039081	4.651043041985741	3
15434	4.6518724893093175	4.651937281326941	1
15720	4.650508905852417	4.650572519083969	1
16006	4.655379232787705	4.655441709358991	1
16291	4.656313301823093	4.65643606899515	2
16577	4.657597876575979	4.65783917476021	4
16863	4.657712150862836	4.658008658008658	5
17149	4.658930549886291	4.659222112076506	5
17435	4.661026670490393	4.661141382277029	2
17720	4.662020316027088	4.662076749435666	1
18006	4.665167166500056	4.6652782405864714	2
18292	4.666575552153947	4.66668488956921	2
18578	4.670416621810744	4.670470448918075	1
18864	4.671808736217133	4.671967769296014	3
19149	4.6726722022037706	4.6727766463000675	2
19435	4.675482377154618	4.675533830717777	1
19721	4.675574260940115	4.675624968307895	1
20007	4.67616334283001	4.676213325336132	1
20292	4.677212694657993	4.67736053617189	3
20578	4.677665467975507	4.6777140635630285	1
20864	4.6803585122699385	4.680502300613497	3
21150	4.682222222222222	4.6822695035461	1
21436	4.682683336443366	4.682729986937861	1
21721	4.685327563187698	4.685373601583721	1
22007	4.689644204116872	4.689825964465852	4
22293	4.6915623738393215	4.691607230969362	1
22579	4.6923690154568405	4.692546171221046	4
22865	4.695692105838618	4.695735840804724	1
23150	4.700518358531317	4.700647948164147	3
23436	4.701058201058201	4.70110087045571	1
23722	4.7017958013658205	4.701880111289099	2
24008	4.704890036654448	4.70497334221926	2
24294	4.708034905738042	4.708076068164979	1
24579	4.709223320720941	4.709345376134098	3
24865	4.709913533078624	4.7100341845968225	3
25151	4.71261580056459	4.7126953202655955	2
25437	4.714510358925974	4.71454967173802	1
25723	4.71410799673444	4.714185748163122	2
26008	4.714280221470317	4.714357120885881	2
26294	4.7138130371947975	4.713965163155092	4
26580	4.716365688487585	4.71640331075997	1
26866	4.719422318171667	4.719459539938956	1
27152	4.720646729522687	4.720683559222157	1
27437	4.722418631774611	4.722491526041477	2
27723	4.724344407170941	4.724452620567759	3
28009	4.7243029026384376	4.724410011067871	3
28295	4.726877540201449	4.72698356600106	3
28581	4.7286658969245305	4.728700885203457	1
28866	4.729924478625373	4.730028407122567	3
29152	4.732059549945116	4.732128155872667	2
29438	4.7352061960731024	4.73527413547116	2
29724	4.736273718207509	4.73630736105504	1
30010	4.736987670776408	4.737054315228257	2
30295	4.739032843703582	4.739098861198218	2
30581	4.740230862300121	4.740263562342631	1
30867	4.74130948909839	4.741406680273431	3
31153	4.742496709787179	4.742560909061727	2
31439	4.742835331912593	4.742867139540062	1
31724	4.742497793468667	4.742560837221031	2
32010	4.74445485785692	4.744486098094345	1
32296	4.745417389150359	4.745448352737181	1
32582	4.746915474802038	4.746976858388067	2
32868	4.747931118413046	4.748052817329926	4
33153	4.750037703978524	4.750067867161343	1
33439	4.750889679715303	4.750919584915817	1
33725	4.752824314306894	4.752942920681987	4
34011	4.754314780512187	4.754373585016612	2
34296	4.754344529974341	4.754402845812923	2
34582	4.755855647446649	4.755942397779192	3
34868	4.7555925203625105	4.75570723872892	4
35154	4.75752403709393	4.757609375888946	3
35440	4.758211060948081	4.758267494356659	2
35725	4.7604198740377885	4.760447865640308	1
36011	4.760600927494377	4.760712004665241	4
36297	4.7625699093589	4.762652560817698	3
36583	4.763469371019326	4.763496706120329	1
36869	4.763378448018661	4.763595432477149	8
37154	4.763551703719654	4.763578618722076	1
37440	4.765037393162393	4.765064102564103	1
37726	4.765970418279171	4.766023432115782	2
38012	4.7670472482373984	4.767099863201095	2
38298	4.768760770797431	4.768891325917802	5
38583	4.769121115517197	4.7692766244200815	6
38869	4.769379196789215	4.769404924232679	1
39155	4.769531349763759	4.769607968330992	3
39441	4.76963058745975	4.769655941786466	1
39727	4.772346263246658	4.772396606841695	2
40012	4.773293012096371	4.773392982105368	4
40298	4.773959005409698	4.774008635664301	2
40584	4.776044746698206	4.776118667455155	3
40870	4.776045999510644	4.776143870809885	4
41156	4.777991058411896	4.778039653999417	2
41441	4.778214811418644	4.778287203494124	3
41727	4.779519256117142	4.77954322141539	1
42013	4.780234689262847	4.780282293575798	2
42299	4.78127142485638	4.781295066077212	1
42585	4.782646471762358	4.7826934366561	2
42870	4.783834849545136	4.783928154886867	4
43156	4.784942997497451	4.784989340995458	2
43442	4.785299940150085	4.785392016942129	4
43728	4.785972374679839	4.786040980607392	3
44014	4.78686327077748	4.78704503112646	8
44299	4.788347366757715	4.788437662249712	4
44585	4.789323763597623	4.789346192665695	1
44871	4.79104544137639	4.791090013594527	2
45157	4.791859512367961	4.791925947250703	3
45443	4.793059437097023	4.793169465044121	5
45728	4.793780615815256	4.793802484254724	1
46014	4.793780153866215	4.7938888164471685	5
46300	4.79451403887689	4.794535637149028	1
46586	4.794594942686644	4.794637874039411	2
46871	4.79533186831943	4.795353203473363	1
47157	4.7958521534448755	4.79587335920436	1
47443	4.7964715553400925	4.79651371119027	2
47729	4.79676925977917	4.796853066269983	4
48015	4.797230032281579	4.79727168593148	2
48300	4.798219461697722	4.79832298136646	5
48586	4.798892685135636	4.798933849256987	2
48872	4.799230643313145	4.799271566541169	2
49158	4.800012205541316	4.800032548110176	1
49444	4.800279103632392	4.80029932853329	1
49729	4.801001427738342	4.801041645719802	2
50015	4.802199340197941	4.802259322203339	3
50301	4.803304109262242	4.803363750223654	3
50587	4.80425801095143	4.804277778875996	1
50873	4.80502427613862	4.805043932931024	1
51158	4.80579772469604	4.805836819265804	2
51444	4.807227276261566	4.807285592100148	3
51730	4.808409046974676	4.808505702687029	5
52016	4.808655029221778	4.80869347892956	2
52302	4.810236702229361	4.810255821957095	1
52587	4.8105235134158635	4.810599577842432	4
52873	4.810356892932121	4.810394719422011	2
53159	4.811170262796516	4.811189074286574	1
53445	4.812536252221911	4.812554963046122	1
53731	4.812361578976755	4.812417412666803	3
54016	4.8129257997630335	4.812981338862559	3
54302	4.81295348237634	4.813045560016206	5
54588	4.813255660584744	4.813273979629223	1
54874	4.813864489557896	4.814064948791778	11
55160	4.814612037708485	4.8147026831036985	5
55445	4.815258364144648	4.815276400036072	1
55731	4.814753009994438	4.814860670004127	6
56017	4.815056143670671	4.815073995394255	1
56303	4.816031117347211	4.8160844004759955	3
56589	4.817296647758398	4.817314319037269	1
56874	4.818141857439252	4.818229771072898	5
57160	4.818212036389084	4.818229531140658	1
57446	4.8190126379556455	4.8190300456080495	1
57732	4.820186378438301	4.8202036998545	1
58018	4.821021062428901	4.821038298459099	1
58303	4.821981716206714	4.822016019758846	2
58589	4.823192066770213	4.823209134820529	1
58875	4.824373673036093	4.824407643312102	2
59161	4.824293030881831	4.824309933909163	1
59446	4.825421390842108	4.825505500790634	5
59732	4.826324248309114	4.826374472644479	3
60018	4.8265187110533505	4.8265686960578496	3
60304	4.827125895462988	4.827225391350491	6
60590	4.828007922099356	4.828040930846674	2
60875	4.829437371663245	4.829486652977413	3
61161	4.829728094700871	4.829760795278037	2
61447	4.830650804758572	4.8306670789460835	1
61733	4.830690230508804	4.830852218424505	10
62019	4.832438446282591	4.832454570373595	1
62304	4.833253081664099	4.83334938366718	6
62590	4.833328007668957	4.833375938648347	3
62876	4.834451937146129	4.834483745785355	2
63162	4.834853234539755	4.834869066843988	1
63448	4.834872651620224	4.834904173496406	2
63733	4.8357522790391165	4.8357679694977485	1
64019	4.835939330511255	4.836001811962074	4
64305	4.836840059093383	4.8368556099836715	1
64591	4.836803889086715	4.836865817219117	4
64877	4.836906762026604	4.836937589592614	2
65162	4.837819588103496	4.837834934471011	1
65448	4.83826854907713	4.838283828382838	1
65734	4.839230839443819	4.8392460522712755	1
66020	4.8388821569221445	4.838942744622842	4
66306	4.839365969897144	4.839396133079963	2
66591	4.839843222057035	4.839903290234416	4
66877	4.840483275266534	4.840513180914216	2
67163	4.840671202894451	4.840834983547489	11
67449	4.841717445773844	4.841806401874009	6
67735	4.84241529489924	4.842430058315494	1
68020	4.842708027050867	4.842722728609233	1
68306	4.843103094896495	4.843117734898837	1
68592	4.8439468159552135	4.843961394914859	1
68878	4.8442318301925145	4.8442608670402745	2
69164	4.845381990630964	4.845425365797236	3
69449	4.846189289982577	4.846261285259687	5
69735	4.8469348246934825	4.84696350469635	2
70021	4.84753145484926	4.847545736279116	1
70307	4.8479667742899	4.8479809976247035	1
70593	4.848370235009137	4.8483985664301	2
70878	4.848641327351223	4.8487118711024575	5
71164	4.848870215277388	4.848884267326176	1
71450	4.849111266620014	4.849125262421274	1
71736	4.850089216014275	4.850131036020966	3
72022	4.850448474077365	4.850462358723723	1
72307	4.851660281853762	4.851701771612707	3
72593	4.852850825837202	4.8528783767029875	2
72879	4.8536478272204615	4.853702712715597	4
73165	4.853618533451787	4.8536458689263995	2
73450	4.854608577263445	4.854690265486726	6
73736	4.8549148312900074	4.854928393186503	1
74022	4.8551916997649345	4.8552187187592875	2
74308	4.85581633202347	4.855829789524681	1
74594	4.856342333163525	4.856382550875406	3
74879	4.857076082746832	4.857102792505242	2
75165	4.857500166300805	4.8575134703651965	1
75451	4.8575631867039535	4.857602947608382	3
75737	4.857995431559211	4.858008635145305	1
76023	4.858990042487142	4.859016350315036	2
76308	4.86002778214604	4.860067096503643	3
76594	4.861229339112724	4.861242394965663	1
76880	4.8613163371488035	4.861381373569198	5
77166	4.8621283985174815	4.862141357592722	1
77452	4.8627924391881425	4.862805350410577	1
77737	4.862536501279957	4.862562229054376	2
78023	4.863040385527344	4.863091652461454	4
78309	4.86366828844705	4.863706598219872	3
78595	4.8644188561613335	4.864520643806858	8
78881	4.865290754427556	4.865366818371978	6
79166	4.865598868200995	4.865636763256954	3
79452	4.865969390323717	4.865981976539294	1
79738	4.866174220572375	4.866224384860418	4
80024	4.866652504248726	4.866702489253224	4
80310	4.866928153405554	4.867002863902378	6
80595	4.867783361250698	4.867808176685899	2
80881	4.867805788751375	4.867842880280906	3
81167	4.868949203494031	4.8689615237719766	1
81453	4.869200643315777	4.8692251973530745	2
81739	4.869915217949816	4.869927452011892	1
82024	4.870342826489808	4.870367209597191	2
82310	4.871267160733812	4.87127930992589	1
82596	4.872136665213811	4.872172986585307	3
82882	4.872047006587679	4.87211939866316	6
83168	4.8726673720661795	4.872703443632166	3
83453	4.873353863851509	4.8733658466442185	1
83739	4.873249023752374	4.87329679122034	4
84025	4.873002082713478	4.873037786373104	3
84311	4.873171946721069	4.8731838075695935	1
84597	4.873435228199582	4.873470690450016	3
84882	4.874260738436889	4.874296081619189	3
85168	4.874530340033815	4.874553823032125	2
85454	4.87514920308002	4.875196011889438	4
85740	4.875915558665733	4.87592722183345	1
86025	4.8759197907585	4.875931415286254	1
86311	4.876261426701116	4.876273012709851	1
86597	4.876693187985727	4.876716283474023	2
86883	4.876799834259867	4.876822853722823	2
87169	4.877043444343746	4.87711227615322	6
87454	4.878107347862876	4.878118782445629	1
87740	4.878698427171187	4.878709824481422	1
88026	4.878751732442687	4.878797173562357	4
88312	4.878691457559562	4.878702781049008	1
88598	4.879037901532766	4.879049188469265	1
88883	4.879279502267025	4.879290753012387	1
89169	4.879576983032219	4.879599412351826	2
89455	4.879939634453077	4.879950813258063	1
89741	4.880589697016971	4.8806119833743775	2
90027	4.881102335965877	4.881124551523432	2
90312	4.881333599078749	4.881355744530073	2
90598	4.881906885361707	4.881939998675468	3
90884	4.882333524052639	4.882344527089477	1
91170	4.88277942305583	4.882790391576177	1
91456	4.884020731280616	4.88403166550035	1
91741	4.88444643071255	4.884457330964345	1
92027	4.885381464135525	4.8853923305116975	1
92313	4.885454919675452	4.885465752385905	1
92599	4.885743906521669	4.885765505027052	2
92885	4.8857727297195455	4.885805027722452	3
93170	4.886884190189975	4.886894923258559	1
93456	4.887208953946242	4.887219654168807	1
93742	4.887659746965074	4.887670414542041	1
94028	4.8878312842982945	4.887873824818139	4
94314	4.8885107195114195	4.888521322391162	1
94599	4.888984027315299	4.889026311060371	4
94885	4.88999314960215	4.890035305896611	4
95171	4.890061048008322	4.890082062813252	2
95457	4.890673287448799	4.8907151911331805	4
95743	4.890655191502251	4.8907074146412794	5
96028	4.891396259424335	4.891417086683051	2
96314	4.891563012646136	4.891573395352701	1
96600	4.892163561076605	4.892215320910973	5
96886	4.8922651363458085	4.892316743389138	5
97172	4.89263368048409	4.892654262544766	2
97457	4.892968180838729	4.8930400073878735	7
97743	4.8930972038918386	4.893148358450222	5
98029	4.893704924053086	4.893715125116037	1
98315	4.893932767126074	4.89394293851396	1
98601	4.894402693684648	4.89442297745459	2
98886	4.894696923730356	4.894717149040309	2
99172	4.895545113540112	4.895565280522728	2
99458	4.896247662329828	4.896287880311287	4
99744	4.896244385627206	4.896304539621431	6
100029	4.8972298033570265	4.897249797558708	2
100315	4.897353336988486	4.897363305587399	1
100601	4.897376765638512	4.8973867058975555	1
100887	4.897776720489261	4.897786632569112	1
101173	4.898134877882439	4.898174414122345	4
101458	4.899041968105029	4.899051824400244	1
101744	4.899158672747287	4.899168501336688	1
102030	4.900098010389101	4.9001176124669215	2
102316	4.900543414519723	4.9005531881621645	1
102602	4.9008206467710185	4.900849885967135	3
102887	4.901804892746411	4.901814612147307	1
103173	4.902086786271602	4.902115863646497	3
103459	4.902289795957819	4.902318792951798	3
103745	4.903108583546195	4.903127861583691	2
104031	4.903749843796561	4.903778681354596	3
104316	4.904626327696614	4.904645500210898	2
104602	4.904170092350051	4.904179652396704	1
104888	4.905136907939898	4.9051845778354055	5
105174	4.905508966094282	4.905594538574173	9
105460	4.906267779252797	4.9062867437891144	2
105745	4.906331268617902	4.906340725329803	1
106031	4.906131225773595	4.906140656977676	1
106317	4.906393145028547	4.906411956695543	2
106603	4.906391002129396	4.9064003827284415	1
106889	4.907324420660685	4.907333776160316	1
107174	4.907346931158677	4.907356261779909	1
107460	4.908272845710032	4.9083007630746325	3
107746	4.908711228259054	4.908729790433055	2
108032	4.908749259478673	4.9087585159952605	1
108318	4.908999427611293	4.909027123839066	3
108603	4.90943159949541	4.909459223041721	3
108889	4.910367438400573	4.91038580572877	2
109175	4.911243416533089	4.911261735745363	2
109461	4.911731118845982	4.9117402545198745	1
109747	4.911997594467275	4.912006706333658	1
110032	4.911880180311182	4.911898356841646	2
110318	4.912027049076307	4.912036113780163	1
110604	4.912236447144768	4.912245488409099	1
110890	4.912796464965281	4.912805482910993	1
111176	4.913335612002591	4.913353601496726	2
111461	4.9139609370093575	4.913978880505288	2
111747	4.914413809766705	4.9144317073389	2
112033	4.914900074085314	4.914917925968242	2
112319	4.9149208949509875	4.9149476045904965	3
112604	4.915260559127562	4.915287201165145	3
112890	4.915546106829657	4.915572681371247	3
113176	4.9160245988548805	4.916033434650456	1
113462	4.916394916359662	4.916430170453544	4
113748	4.9171501916517215	4.917176565741816	3
114033	4.917453719537327	4.917462488928644	1
114319	4.918421259808081	4.91843875471269	2
114605	4.918869159286244	4.918877884909035	1
114891	4.919349644445605	4.919358348347564	1
115177	4.919723555918282	4.919749602785278	3
115462	4.92033742703227	4.92038073132286	5
115748	4.920776168918685	4.920784808376818	1
116034	4.921238602478584	4.921255838805867	2
116320	4.92068431911967	4.920692916093535	1
116606	4.9210589506543405	4.921067526542373	1
116891	4.9214054118794435	4.921422521836583	2
117177	4.921571639485564	4.921588707681542	2
117463	4.921643411116692	4.921694491031218	6
117749	4.921961120688923	4.92196961333005	1
118035	4.9224890922184095	4.922497564281781	1
118320	4.9228194726166326	4.922827924273157	1
118606	4.923275382358397	4.923309107465053	4
118892	4.923720687682939	4.923737509672644	2
119178	4.9237107519844265	4.92373592441558	3
119464	4.92382642469698	4.923876649032344	6
119749	4.924759288177772	4.924767638978196	1
120035	4.924721956096139	4.924730286999625	1
120321	4.925241645265581	4.925249956366719	1
120607	4.925559876292421	4.925576459077831	2
120893	4.925587089409643	4.9256036329646875	2
121178	4.9261747181831685	4.926182970506198	1
121464	4.926513205558849	4.9265379042349995	3
121750	4.926422997946612	4.926431211498973	1
122036	4.927005146022485	4.927013340325805	1
122322	4.927404718693285	4.9274292441261585	3
122607	4.9275326857357244	4.927597934865057	8
122893	4.927929174159635	4.927937311319603	1
123179	4.928055918622492	4.928064036889404	1
123465	4.928182075891953	4.928190175353339	1
123751	4.928404618952574	4.928412699695356	1
124036	4.929004482569576	4.929012544745074	1
124322	4.929111500780232	4.929151718923441	5
124608	4.929274203903441	4.929290254237288	2
124894	4.92962031802969	4.9296363316092044	2
125179	4.929820497048227	4.9298524512897535	4
125465	4.930020324393257	4.930036265093851	2
125751	4.930346478358025	4.930370335027157	3
126037	4.930314114109349	4.93036965335576	7
126323	4.930661874717985	4.9307014557918984	5
126608	4.930999620877038	4.931023316062176	3
126894	4.930958122527464	4.930973883713966	2
127180	4.930979713791476	4.930987576662997	1
127466	4.931213029356848	4.931220874586164	1
127752	4.931507921598096	4.931562715260818	7
128037	4.932035271054461	4.932043081296813	1
128323	4.932599767773509	4.932623146279311	3
128609	4.932757427551727	4.932772978562931	2
128895	4.932689398347492	4.932704914853175	2
129181	4.933233215410935	4.933256438640357	3
129466	4.93368142987348	4.9336891539091345	1
129752	4.934174425057032	4.934189839077625	2
130038	4.9342038481059385	4.934226918285424	3
130324	4.9344940302630365	4.934524722998066	4
130610	4.934913100068908	4.934928412832096	2
130895	4.935276366553344	4.935299285687001	3
131181	4.935569937719639	4.935615676050648	6
131467	4.935664463325398	4.935672069796984	1
131753	4.936176026352341	4.936198796232344	3
132039	4.936579343981703	4.936586917501647	1
132324	4.936987999153593	4.937003113569723	2
132610	4.937327501696704	4.937335042606138	1
132896	4.93813959788105	4.938154647242957	2
133182	4.938332507395894	4.938340015918067	1
133468	4.938906704228729	4.9389291815266585	3
133753	4.939193887239912	4.939231269579	5
134039	4.939435537418214	4.939480300509553	6
134325	4.939668713940071	4.939683603201191	2
134611	4.939707750481015	4.939715179294411	1
134897	4.940295188180612	4.9403100143072125	2
135182	4.940576408101671	4.940605997839949	4
135468	4.940797826793044	4.940812590427259	2
135754	4.941136172783122	4.941150905314024	2
136040	4.9414583945898265	4.941473096148192	2
136326	4.941581209747223	4.941588545105116	1
136611	4.941805564705624	4.941820204815132	2
136897	4.941532685157454	4.941547294681403	2
137183	4.9420190548391565	4.942048212970995	4
137469	4.942096036197252	4.942103310564564	1
137755	4.942092845994701	4.942129142317883	5
138040	4.941813966966097	4.941857432628224	6
138326	4.9421945259748705	4.942201755273773	1
138612	4.942436441289354	4.942465298819727	4
138898	4.942410977839853	4.9424541750061195	6
139183	4.942895324860077	4.942902509645575	1
139469	4.943155826742861	4.9432060171077445	7
139755	4.943572680762763	4.9436156130371005	6
140041	4.943630793838947	4.943637934604865	1
140327	4.943866825343662	4.943895330193049	4
140612	4.943838363724291	4.943845475492846	1
140898	4.94430013201039	4.944364008005792	9
141184	4.944512126019945	4.944519208975521	1
141470	4.944998939704531	4.945013076977451	2
141756	4.94534975591862	4.945363864668868	2
142041	4.945874782633183	4.9458818228539645	1
142327	4.9464191615083575	4.946440239729637	3
142613	4.946512590016338	4.946547649933737	5
142899	4.947025521522194	4.947032519471795	1
143185	4.947271013025107	4.947277996996892	1
143470	4.947975186450129	4.947989126646686	2
143756	4.948301288294054	4.948336069451014	5
144042	4.948688576942836	4.948695519362408	1
144328	4.948804112854055	4.948817970179037	2
144614	4.949071320895626	4.949092065775098	3
144899	4.94925430817328	4.949261209532157	1
145185	4.949912181010435	4.94992595653821	2
145471	4.95007252304583	4.950079397268184	1
145757	4.950787955295458	4.950794816029418	1
146043	4.950973343467335	4.950987038064132	2
146328	4.951260182603466	4.951294352413756	5
146614	4.951457568854271	4.9514780307474044	3
146900	4.951783526208305	4.951790333560245	1
147186	4.952026687320805	4.9520334814452465	1
147472	4.952574047954866	4.9525808289031135	1
147757	4.9526046143329925	4.952611382201859	1
148043	4.952628628168843	4.952635382963058	1
148329	4.953104247989267	4.953131215069204	4
148615	4.953665511556707	4.953678969148471	2
148901	4.954184323812466	4.954197755555705	2
149186	4.954131084686231	4.954151193811752	3
149472	4.954064975380004	4.9540783558124595	2
149758	4.954386410074921	4.954419797272934	5
150044	4.954699954679961	4.954726613526699	4
150330	4.955245127386417	4.955251779418612	1
150615	4.95542940610165	4.955436045546592	1
150901	4.955785581275141	4.95579883499778	2
151187	4.95604780834331	4.956054422668616	1
151473	4.95659952598813	4.956632535171285	5
151758	4.957043450757126	4.957056629634023	2
152044	4.957019020809765	4.957045328983715	4
152330	4.95724414100965	4.957276964485	5
152616	4.957442207894323	4.957474969858993	5
152902	4.957462950124917	4.957469490261737	1
153187	4.957437641575329	4.95745722548258	3
153473	4.957849263388349	4.957855779192431	1
153759	4.958239842870986	4.958252850239661	2
154045	4.958414748936999	4.958421240546594	1
154331	4.958776914553784	4.958802832872204	4
154616	4.958885238267708	4.958891705903658	1
154902	4.959232288801952	4.959245200191089	2
155188	4.959539397376086	4.959545841173287	1
155474	4.959864671906557	4.959871103850161	1
155760	4.960509758602979	4.960529019003595	3
156045	4.960511390944919	4.9605177993527505	1
156331	4.960839500802784	4.960845897486743	1
156617	4.961549512505028	4.961575052516649	4
156903	4.961912774134338	4.9619255208632085	2
157189	4.962134754976494	4.962160202049762	4
157474	4.962501746320028	4.962514446829318	2
157760	4.962645791075051	4.962652129817444	1
158046	4.962934841754932	4.962941169026739	1
158332	4.9631407422378295	4.963147058080489	1
158618	4.963390031396185	4.963427858124551	6
158903	4.963449399948396	4.963468279390572	3
159189	4.963728649592623	4.963747495115869	3
159475	4.963599310236714	4.96361812196269	3
159761	4.963783401455925	4.963795920155732	2
160047	4.963854367779465	4.963860615944067	1
160332	4.964336501758851	4.9643427388169545	1
160618	4.96431906760139	4.964331519505908	2
160904	4.964220901904241	4.964258191219609	6
161190	4.964240957875798	4.964265773310999	4
161476	4.964397185959523	4.964415764571825	3
161761	4.965164656499404	4.965170838459208	1
162047	4.965269335439718	4.965275506488858	1
162333	4.965663173846353	4.965675494200194	2
162619	4.965698965065583	4.965723562437353	4
162905	4.96620729873239	4.966213437279396	1
163190	4.966370488387769	4.966376616214228	1
163476	4.966680124299591	4.966686241405466	1
163762	4.966860443814804	4.9668787630830105	3
164048	4.966820686628304	4.966832878181996	2
164334	4.96734090328234	4.967426095634501	14
164619	4.967707251289341	4.967731549821102	4
164905	4.967884539583396	4.96792092416846	6
165191	4.968000678003039	4.968006731601601	1
165477	4.968400442357548	4.968406485493452	1
165762	4.9687322788093775	4.968756409792353	4
166048	4.9689126035845055	4.968924648294469	2
166334	4.9693628482450976	4.969380884244953	3
166620	4.969547473292522	4.969553474972993	1
166906	4.9698692677315375	4.9698752591278925	1
167191	4.970177820576467	4.970207726492455	5
167477	4.970252631704652	4.970276515581244	4
167763	4.970666952784583	4.970678874364431	2
168049	4.970687121018274	4.9706990223089695	2
168335	4.970736923396798	4.9707488044672825	2
168620	4.971266753647254	4.971272684141858	1
168906	4.971587747030893	4.971605508389281	3
169192	4.971848550758901	4.9718840134285305	6
169478	4.972167478964821	4.972196981319109	5
169764	4.972208477651328	4.9722438208336275	6
170049	4.972407953001782	4.97241383365971	1
170335	4.972689112630992	4.972700854199078	2
170621	4.972641116861348	4.972646977804608	1
170907	4.972839029413658	4.97284488054907	1
171193	4.973118059733751	4.973135583814758	3
171478	4.973518468841484	4.973530132145232	2
171764	4.97384783773084	4.97387694743951	5
172050	4.973676256902063	4.973687881429817	2
172336	4.973812784328289	4.97386500789156	9
172622	4.974244302580204	4.974250095584572	1
172907	4.9744891762623835	4.974500743174076	2
173193	4.974721842106782	4.974733389917606	2
173479	4.974746222885767	4.9747635160451695	3
173765	4.975104307541795	4.9751215722383675	3
174051	4.975317579330197	4.975340561099907	4
174336	4.975380873715125	4.975386609765051	1
174622	4.975678894984595	4.975690348295175	2
174908	4.975735815400096	4.975764401856976	5
175194	4.976192107035629	4.97621493886777	4
175480	4.9762594027809435	4.976265101436061	1
175765	4.976195488294029	4.976218245953404	4
176051	4.976200078386377	4.976205758558599	1
176337	4.976516556366502	4.976533569245252	3
176623	4.9767187738856205	4.976741420992736	4
176909	4.976920337574685	4.9769259901983505	1
177194	4.977296070973058	4.9773186451008495	4
177480	4.977439711516791	4.977445345954473	1
177766	4.977729149556158	4.977757276419563	5
178052	4.977899714690091	4.977922180037292	4
178337	4.977850922691309	4.977867744775341	3
178623	4.978177502337325	4.978199895870072	4
178909	4.9782794605078555	4.978290639375325	2
179195	4.978537347582243	4.978542928095092	1
179481	4.978616120926449	4.978627264167238	2
179766	4.978950413315087	4.978961538889445	2
180052	4.979322640126186	4.979333748028347	2
180338	4.97968814115716	4.97969368630017	1
180624	4.980035875631145	4.980041411993977	1
180910	4.980039798794981	4.980045326405395	1
181195	4.980192610171362	4.980198129087447	1
181481	4.9803174988015275	4.980334029457629	3
181767	4.980700567209669	4.980711570307041	2
182053	4.980730886060653	4.980736378966565	1
182339	4.981046292894005	4.981057261474506	2
182624	4.981415367093043	4.981426318556159	2
182910	4.981493630747362	4.981504565086655	2
183196	4.981315094216031	4.981326011484967	2
183482	4.982014584536903	4.982020034662801	1
183768	4.982058900352619	4.982080666927866	4
184053	4.982325743128338	4.9823311763459435	1
184339	4.98231519103391	4.982320615821937	1
184625	4.982586323628977	4.982591740013541	1
184911	4.982856617507882	4.982883657543359	5
185197	4.982748100671177	4.982758899982181	2
185482	4.982790782933114	4.982806957009306	3
185768	4.982661168769648	4.982666551828086	1
186054	4.98301030883507	4.983031807969729	4
186340	4.983417409037243	4.983422775571536	1
186626	4.98360357077792	4.983608929088123	1
186911	4.983730224545372	4.983746274965091	3
187197	4.983893972659819	4.983899314625768	1
187483	4.984371916387086	4.984382584020951	2
187769	4.984427674429751	4.984448977200709	4
188055	4.984812953657174	4.984818271250432	1
188340	4.985021769140915	4.985032388234044	2
188626	4.985097494512951	4.985108097505116	2
188912	4.985458837977471	4.985464131447446	1
189198	4.985396251546	4.985412107950401	3
189484	4.9857666082624394	4.985777163243334	2
189769	4.986046193003072	4.986051462567648	1
190055	4.986403935702823	4.986414458972403	2
190341	4.986587230286696	4.98659248401553	1
190627	4.98668604132678	4.986691287173381	1
190912	4.9868211532014755	4.986826391216896	1
191198	4.987191288611806	4.987196518792038	1
191484	4.987586430197823	4.987602097303169	3
191770	4.98762580174167	4.9876518746414975	5
192056	4.98775357187487	4.987800433206981	9
192341	4.987631342251522	4.987636541351038	1
192627	4.987753534032093	4.987784682313487	6
192913	4.987709485623053	4.9877146693068894	1
193199	4.987898488087413	4.987908840107868	2
193485	4.988066258366282	4.988071426725586	1
193770	4.987975434793828	4.987980595551427	1
194056	4.988338417776312	4.98834357092798	1
194342	4.988479072974447	4.988520237519425	8
194628	4.988711798918963	4.988722074932692	2
194914	4.988718101316478	4.988723231784274	1
195199	4.9887601883206365	4.988765311297701	1
195485	4.988843133744277	4.988863595672302	4
195771	4.989344693545009	4.98936001757155	3
196057	4.989452047108749	4.98945714766624	1
196343	4.989834116826167	4.989839209954009	1
196628	4.989960738043412	4.989970909534756	2
196914	4.990366352824076	4.990371431183156	1
197200	4.99066430020284	4.990669371196755	1
197486	4.991103166806761	4.991108230456843	1
197772	4.991136257913152	4.991146370568129	2
198057	4.99154788772929	4.991552936780826	1
198343	4.991958375138019	4.991978542222312	4
198629	4.9918591947802184	4.991874298314949	3
198915	4.992056908729859	4.992071990548727	3
199201	4.992600438752818	4.992610478863058	2
199486	4.992716280841763	4.992721293724873	1
199772	4.992586548665479	4.992596560078489	2
200058	4.992737106239191	4.992747103340031	2
200344	4.993026993571058	4.9930419678153575	3
200630	4.993106713851368	4.993111698150825	1
200915	4.993345444590997	4.993355399049349	2
201201	4.993464247195591	4.993469217349815	1
201487	4.9936273804265285	4.993637306625241	2
201773	4.993730578422286	4.993735534486775	1
202059	4.993863178576555	4.993882974774695	4
202344	4.994148578658127	4.994163404894635	3
202630	4.994536840546809	4.99454671075359	2
202916	4.994781091683258	4.994795876126082	3
203202	4.994566982608439	4.994571903819844	1
203488	4.994859647743356	4.994864562038057	1
203773	4.995220171465307	4.995225078886801	1
204059	4.995383688051005	4.995393489137945	2
204345	4.9953412121657	4.9953705742739	6
204631	4.9953965919142265	4.9954014787593275	1
204916	4.995681157157079	4.995686037205489	1
205202	4.995682303291391	4.995701796278789	4
205488	4.995732110877521	4.99575644319863	5
205774	4.995786639711528	4.995791499411976	1
206060	4.99593807628846	4.99594292924391	1
206345	4.995967917807556	4.99597276406019	1
206631	4.996592960398004	4.996597799942894	1
206917	4.99663149958679	4.996660496720907	6
207203	4.996978808221889	4.9969836344068375	1
207489	4.997156475764981	4.997166114830184	2
207774	4.99762241666426	4.997636855429457	3
208060	4.997894838027492	4.997909256945112	3
208346	4.997969723440815	4.997974523148993	1
208632	4.997747229571686	4.997761608957399	3
208918	4.997898697096469	4.997913056797404	3
209203	4.998078421437551	4.998092761576077	3
209489	4.9982147033973146	4.99822425043797	2
209775	4.9983315457037305	4.998336312716005	1
210061	4.99837190149528	4.998395704104998	5
210347	4.998530998778209	4.998545260925994	3
210632	4.998642181624825	4.998675414941699	7
210918	4.998838411136082	4.998857375852227	4
211204	4.9988589231264555	4.998877862161701	4
211490	4.999191451132441	4.999200907844343	2
211776	4.999060327893623	4.9990697718343915	2
212061	4.999000287653081	4.999014434525915	3
212347	4.999157040127716	4.999166458673774	2
212633	4.999468567908086	4.999477973785819	2
212919	4.99951624796284	4.99952094458456	1
213205	4.999849909711311	4.999873361318919	5
213490	4.99991568691742	4.999920370977564	1
213776	5.000145011600928	5.000154367188085	2
214062	5.0001775186628175	5.0001821902065755	1
214348	5.000331237053763	5.000335902364379	1
214634	5.000410000279546	5.000428636655888	4
214919	5.000623490710454	5.000628143626203	1
215205	5.000873585650891	5.0008782323830765	1
215491	5.001011643177673	5.001030205437814	4
215777	5.001144700315604	5.001149334729837	1
216063	5.001180211327251	5.0011848396069665	1
216348	5.001400521382218	5.001414387930557	3
216634	5.001518690510261	5.001527922671418	2
216920	5.001419878296146	5.001438318274018	4
217206	5.0018737972247544	5.001878401149139	1
217491	5.002183998418325	5.002188596309733	1
217777	5.002318885832755	5.002328069539024	2
218063	5.002623095160573	5.002632266821974	2
218349	5.0029219277395365	5.002931087387623	2
218635	5.00319253550438	5.0031971093374805	1
218920	5.00326146537548	5.003284304768865	5
219206	5.003407753437406	5.003416877275257	2
219492	5.0036538917135935	5.003658447688299	1
219778	5.003694637315837	5.003699187361792	1
220064	5.003835247927875	5.003848880325723	3
220349	5.00397551157482	5.003989126340487	3
220635	5.0041788474176805	5.004183379790152	1
220921	5.004345444751744	5.004354497761644	2
221207	5.004439280854585	5.004448322159787	2
221493	5.004717982058124	5.00472249687349	1
221778	5.0047434822209595	5.004761518275032	4
222064	5.005021075005404	5.00503008141797	2
222350	5.0050505959073535	5.0050550933213405	1
222636	5.005313606065506	5.005318097702078	1
222922	5.005347161787531	5.005365105283462	4
223207	5.005412016648223	5.005429937233151	4
223493	5.005508002487773	5.005512476900843	1
223779	5.005706522953449	5.005733335120811	6
224065	5.005850980742196	5.005891147658046	9
224351	5.005798948968358	5.00580340626964	1
224636	5.005707010452466	5.0057114620986844	1
224922	5.005726429606708	5.005730875592428	1
225208	5.005768001136727	5.005790202834713	5
225494	5.005805032506408	5.005813901922003	2
225780	5.0058951191425285	5.005903977323058	2
226065	5.0059098047021875	5.0059142282087015	1
226351	5.005875830016214	5.005893501685436	4
226637	5.006115506294206	5.006124330978613	2
226923	5.0060989851183	5.006125425805229	6
227209	5.006320172176278	5.006346579580915	6
227494	5.0067650135827755	5.006773805023429	2
227780	5.007055053121433	5.007063833523575	2
228066	5.007537291836574	5.007550445923548	3
228352	5.0077468119394615	5.007751191143497	1
228638	5.007929565514044	5.007938312966348	2
228923	5.008369626468289	5.008373994749326	1
229209	5.008197758377725	5.008210846869015	3
229495	5.008636353733197	5.0086407111266045	1
229781	5.008669124079014	5.00869088392861	5
230067	5.008949566865304	5.00896260654505	3
230352	5.009129506147114	5.009155553240259	6
230638	5.009400012140237	5.009404347939195	1
230924	5.009410022345014	5.0094186832031316	2
231210	5.009350806626011	5.009355131698456	1
231495	5.0094127302965505	5.00942568953973	3
231781	5.0099317890595	5.009953361146945	5
232067	5.010216877022584	5.010229804323751	3
232353	5.010449617607692	5.010458225200449	2
232639	5.010428174123857	5.010441069640086	3
232924	5.0105914375504454	5.010617197025639	6
233210	5.010779983705673	5.010792847648043	3
233496	5.011002329804365	5.011019460718813	4
233782	5.011390953965661	5.011403786433515	3
234068	5.0115393817181335	5.011547926243655	2
234353	5.011700298267997	5.011721633604008	5
234639	5.011754226705706	5.011779797902309	6
234925	5.011820793870384	5.0118250505480475	1
235211	5.011865941643886	5.011870193145729	1
235497	5.012220962475106	5.012246440506673	6
235782	5.012252843728529	5.012261326140248	2
236068	5.012542996085873	5.012547232153447	1
236354	5.0123543498311856	5.012371273598077	4
236640	5.012766227180528	5.012770453008789	1
236926	5.01318555160683	5.013193993061124	2
237211	5.013355198536324	5.013363629848532	2
237497	5.013503328463097	5.013507539042599	1
237783	5.013588019328547	5.01359222484366	1
238069	5.013685108098913	5.013710310876259	6
238355	5.013916217406809	5.013920412829603	1
238640	5.014050452564533	5.014063023801542	3
238926	5.013983409089007	5.013991779881637	2
239212	5.013903984749929	5.013916525926793	3
239498	5.014142080518417	5.014158782119266	4
239784	5.014271177392987	5.014292029493211	5
240069	5.0142958899316445	5.014304220869834	2
240355	5.014516028374696	5.014557633500448	10
240641	5.014864466154978	5.014893555129841	7
240927	5.015116612085818	5.015124913355498	2
241213	5.0151691658409785	5.015181602981597	3
241498	5.015192672403084	5.015209235687252	4
241784	5.01523674023095	5.0152656916917575	7
242070	5.015545090263147	5.015561614409055	4
242356	5.015708296885573	5.015716549208602	2
242642	5.015780450210598	5.0157928141047305	3
242927	5.01600892449172	5.01601304095469	1
243213	5.016154564106359	5.016162787351005	2
243499	5.01654216239081	5.016546269183857	1
243785	5.016662222860307	5.01667452878561	3
244070	5.016978735608637	5.016999221534806	5
244356	5.016999787195731	5.017012064365106	3
244642	5.017253783078948	5.017261958290073	2
244928	5.017674581917952	5.017707244577998	8
245214	5.017894573719282	5.017906807931031	3
245499	5.018069320037964	5.018085613383354	4
245785	5.0181540777508795	5.01817035213703	4
246071	5.018360554474115	5.01836461834186	1
246357	5.018797923338894	5.018801982488827	1
246643	5.019035610173408	5.019063991274838	7
246928	5.019386217844878	5.0193902676083715	1
247214	5.019646945561336	5.019663125874748	4
247500	5.019987878787878	5.02000404040404	4
247786	5.019980951304755	5.019984987045273	1
248072	5.020135283304847	5.020167532006837	8
248357	5.020224918162162	5.020228944624069	1
248643	5.020527422851236	5.020535466512229	2
248929	5.020544010541158	5.020552044960612	2
249215	5.020969845314287	5.020981883112975	3
249501	5.021150215830798	5.02116624783067	4
249786	5.021222166174245	5.021238179881979	4
250072	5.021425829361144	5.021437825906139	3
250358	5.021589084431095	5.021597072991476	2
250644	5.0214926349723115	5.021508593862211	4
250930	5.0218228191129	5.0218268042880485	1
251215	5.021861751885835	5.021877674501921	4
251501	5.021852795813933	5.021856771941264	1
251787	5.022237049569676	5.0222489644024515	3
252073	5.021953957782071	5.021957924886839	1
252359	5.022182684191964	5.022186646800788	1
252644	5.022074539668466	5.022090372223365	4
252930	5.021982366662713	5.021998181314989	4
253216	5.0219535890307085	5.021957538228232	1
253502	5.022272013633028	5.022275958375082	1
253788	5.0222902580106235	5.022294198307248	1
254073	5.022595868116643	5.022603739870037	2
254359	5.022704130775793	5.02270806222701	1
254645	5.022843566533802	5.022847493569479	1
254931	5.0231082135950516	5.023119981485186	3
255217	5.023058808778412	5.023062727012699	1
255502	5.0232209532606396	5.023260091897519	10
255788	5.023304455252005	5.02330836473955	1
256074	5.023524449963682	5.023528355084858	1
256360	5.023482602590108	5.023486503354658	1
256645	5.0237838259073815	5.023799411638644	4
256931	5.024025905787935	5.024029797883478	1
257217	5.024220794115474	5.024232457419222	3
257503	5.024395832281566	5.024403599181369	2
257789	5.0246131526170625	5.024617031758531	1
258074	5.0248610863550764	5.024864961212676	1
258360	5.025077411363989	5.025085152500387	2
258646	5.0252623276602	5.025270060236772	2
258932	5.025419801337803	5.02542366335563	1
259218	5.025773673124552	5.025777530881343	1
259503	5.025575812225678	5.025579665745675	1
259789	5.0256708328682125	5.025682380701261	3
260075	5.025746419302124	5.025765644525618	5
260361	5.0259908358010605	5.02601003990613	5
260647	5.026257735558054	5.026269245377848	3
260932	5.0262558827587265	5.026263547590943	2
261218	5.026487454922708	5.026502767803137	4
261504	5.026710872491434	5.026726168624572	4
261790	5.026872684212536	5.026887963634975	4
262076	5.0272401898685874	5.0272478212426925	2
262361	5.0274126108682315	5.027420233952455	2
262647	5.027592167433856	5.027603589608867	3
262933	5.027554548116821	5.027565957867593	3
263219	5.027649979674719	5.027661377028254	3
263505	5.02788182387431	5.027893208857517	3
263790	5.028026081352591	5.028029872246863	1
264076	5.028245656553416	5.02825323013072	2
264362	5.028252925912196	5.028256708604111	1
264648	5.02857002508993	5.028600253922191	8
264934	5.02877320389229	5.028788301992194	4
265219	5.029036381254737	5.02904015172367	1
265505	5.029257452778667	5.029261219186079	1
265791	5.029282406101034	5.0292899308102985	2
266077	5.029480188065861	5.029483946376425	1
266363	5.029643756828088	5.029655019653631	3
266648	5.029964597521826	5.029975848309381	3
266934	5.030146028606322	5.0301535210951025	2
267220	5.030151186288451	5.030154928523314	1
267506	5.030432962251314	5.030455391654766	6
267792	5.030620780307104	5.030624514548605	1
268077	5.030655371404484	5.030685213576696	8
268363	5.0308500054031295	5.030864910587525	4
268649	5.030876720181352	5.030880442510488	1
268935	5.03092940673397	5.030933125104579	1
269221	5.0310376976536	5.031056269756074	5
269506	5.031101348392986	5.031105058885516	1
269792	5.031072085161902	5.031094324516665	6
270078	5.031216907708144	5.0312280156103055	3
270364	5.031420603334763	5.031424302052049	1
270649	5.031546394038035	5.031564868150261	5
270935	5.031668112277853	5.031679185044383	3
271221	5.031819070057259	5.031833818177796	4
271507	5.032131768241703	5.032168599704612	10
271793	5.03251003521062	5.032513714481241	1
272078	5.032703856982189	5.032707532398797	1
272364	5.03298526971259	5.032988941269771	1
272650	5.033152393178067	5.033159728589767	2
272936	5.033344813436117	5.033348477298707	1
273222	5.033522190745987	5.033540490882872	5
273507	5.033615227398202	5.033626196038858	3
273793	5.033609332597985	5.033616637386639	2
274079	5.033709259009264	5.033712907592337	1
274365	5.033816266652088	5.033823556211616	2
274651	5.03389756454555	5.033904846514304	2
274936	5.034044286670352	5.034055198300695	3
275222	5.034230548429995	5.034237815290929	2
275508	5.034358348940866	5.034361978599533	1
275794	5.034478632602594	5.034485884391974	2
276080	5.03473268617792	5.034739930454941	2
276365	5.034859696415972	5.034866933222369	2
276651	5.035163436965708	5.035167051628225	1
276937	5.03511267905697	5.035127122775216	4
277223	5.035285672545207	5.035289279749516	1
277509	5.035379032752091	5.035389843212292	3
277794	5.035601920847823	5.035605520637595	1
278080	5.035737917146145	5.035752301495973	4
278366	5.035837710065166	5.035844894850665	2
278652	5.035937298135309	5.035940886840934	1
278938	5.036205178211645	5.0362123482637715	2
279223	5.036297153171479	5.0363078972720725	3
279509	5.036417431996823	5.036421009699151	1
279795	5.036569631337229	5.036576779427795	2
280081	5.036735801428873	5.036746512615993	3
280367	5.036908766010265	5.036919466270994	3
280652	5.036785770277782	5.036800022804042	4
280938	5.036844428308025	5.036855106820722	3
281224	5.037077205359429	5.0370843171279835	2
281510	5.037387659408192	5.037394763951547	2
281796	5.037520049965223	5.037523598631634	1
282081	5.037769293217196	5.03777283829822	1
282367	5.03773812095606	5.037745203936721	2
282653	5.03766455689485	5.037668094801753	1
282939	5.037668896829352	5.037672431160074	1
283224	5.037648645595006	5.0376592379176905	3
283510	5.037684737751754	5.037702373813975	5
283796	5.037861703477145	5.037868750792823	2
284082	5.038020712329539	5.038034792771101	4
284368	5.0380739042367635	5.03808093737692	2
284653	5.0382711582171975	5.03827818431564	2
284939	5.038432787368524	5.038439806414706	2
285225	5.038499430274345	5.038509948286441	3
285511	5.038572944650118	5.038579949634165	2
285797	5.038558837216626	5.038565835190712	2
286082	5.038712676784978	5.038716172286268	1
286368	5.0388835344731255	5.038887026483406	1
286654	5.038935441333455	5.038942418385929	2
286940	5.039001184916708	5.039029065309821	8
287226	5.039160800206109	5.039164281785075	1
287511	5.0392367596370224	5.039261106531576	7
287797	5.03955913369493	5.03956955770908	3
288083	5.039804500786231	5.039811443229903	2
288369	5.039941880021778	5.039962686696559	6
288655	5.040106701772012	5.040110166115259	1
288940	5.040015228075033	5.040018689001177	1
289226	5.04027646200549	5.040279919509311	1
289512	5.040437011246511	5.04044046533477	1
289798	5.040504075252417	5.040507525931856	1
290084	5.040819210987162	5.040822658264503	1
290369	5.040765370959021	5.040775702640433	3
290655	5.040928248266845	5.040945450792177	5
290941	5.040977380293599	5.04098425453958	2
291227	5.041053885800424	5.041064187043097	3
291513	5.041034190584982	5.04103762096373	1
291798	5.041230577317185	5.041234004345472	1
292084	5.041203900247874	5.0412107475931585	2
292370	5.041139651811061	5.0411430721346235	1
292656	5.041297632715543	5.041314717620688	5
292942	5.04131193205481	5.0413290002799185	5
293227	5.041513912429619	5.041517322756772	1
293513	5.041500717174367	5.041504124178486	1
293799	5.0417836684263735	5.041790475801483	2
294085	5.0418960504616015	5.041906251593927	3
294371	5.041957258017943	5.041960655091704	1
294656	5.042028670721112	5.042032064509122	1
294942	5.0422082985807375	5.042215079574968	2
295228	5.042411288902136	5.042424837752517	4
295514	5.042437921722828	5.04245145746056	4
295800	5.0425388776200135	5.042545638945233	2
296085	5.042666801763008	5.042676933988551	3
296371	5.0427572198359485	5.042763968134534	2
296657	5.042837350879973	5.0428440926726825	2
296943	5.042880283421398	5.042890386370448	3
297228	5.043000659426434	5.043004023847013	1
297514	5.043066880886277	5.043070242072642	1
297800	5.043226997985225	5.043247145735393	6
298086	5.043212361533249	5.043215716269802	1
298372	5.0433653291863845	5.043372032228225	2
298657	5.043554981132202	5.043568374422833	4
298943	5.043647116674416	5.043660497151631	4
299229	5.043592031521009	5.043595373443082	1
299515	5.043877602123433	5.043897634509123	6
299801	5.044082574774601	5.044089245866425	2
300086	5.043977393147298	5.043987390281453	3
300372	5.044218502390369	5.044221831595488	1
300658	5.044282872898775	5.044286198936998	1
300944	5.044317215162954	5.044323860917646	2
301230	5.044351492215251	5.044361451382664	3
301515	5.04458816310963	5.0445981128633735	3
301801	5.044714894914199	5.044744715888947	9
302087	5.044801663097055	5.044811594010997	3
302373	5.0451131549443895	5.0451164621179805	1
302659	5.045305112354168	5.045315024499519	3
302944	5.045529866906095	5.0455364687863105	2
303230	5.045668304587277	5.045671602414009	1
303516	5.045710934514161	5.045727408110281	5
303802	5.045816024910962	5.0458226081460955	2
304088	5.045980111020494	5.045983399542238	1
304373	5.0460093372276775	5.046015908112743	2
304659	5.045992404622873	5.046015381131035	7
304945	5.046050927216383	5.046057485776124	2
305231	5.046089682895905	5.0461093401391075	6
305517	5.046138185436489	5.046154551137907	5
305802	5.046317551879975	5.046324092059568	2
306088	5.046467029089674	5.046473563158307	2
306374	5.046515043704753	5.046518307689295	1
306660	5.046602100045654	5.046605360986108	1
306946	5.046688994155324	5.046698767861448	3
307231	5.0468572507331615	5.0468767800124334	6
307517	5.046839686911618	5.046842938764361	1
307803	5.046997592616056	5.047004090278523	2
308089	5.047038355799785	5.047041601615118	1
308375	5.04728982569923	5.047312525334414	7
308660	5.047518304930992	5.047528024363377	3
308946	5.047649103726865	5.047665287784921	5
309232	5.04789607802556	5.047899311843535	1
309518	5.048271829102023	5.048281521591636	3
309803	5.048511473420206	5.048524384851018	4
310089	5.048618299907446	5.048624749668644	2
310375	5.048715263793798	5.04872170761176	2
310661	5.049133943430299	5.0491468192016375	4
310947	5.049304222262958	5.049307438245103	1
311232	5.0494229385153195	5.04942615155254	1
311518	5.049576589474765	5.049579799562144	1
311804	5.049701094277174	5.049707508563071	2
312090	5.049979172674549	5.049982376878464	1
312376	5.049997438983789	5.050007042794581	3
312661	5.0500734021831954	5.050079798887613	2
312947	5.050110721623789	5.050117112482305	2
313233	5.05041295138124	5.05041933640453	2
313519	5.050520064174739	5.050536012171511	5
313805	5.050391166488743	5.050400726565861	3
314090	5.050511000031838	5.050517367633481	2
314376	5.050878565793827	5.050884927602616	2
314662	5.050775117427589	5.050787829480522	4
314948	5.050919516872627	5.050922691999949	1
315234	5.051200060907136	5.051203233153784	1
315519	5.0516133735210875	5.051622881664812	3
315805	5.051731289878248	5.0517344563892275	1
316091	5.051943902230687	5.051950229522511	2
316377	5.052077110535848	5.052083432107897	2
316663	5.052235341672377	5.052244815466285	3
316948	5.052283024344687	5.052286179436375	1
317234	5.052406110316045	5.052409262563281	1
317520	5.052528974552784	5.052538422776518	3
317806	5.052708255980063	5.052714549127455	2
318092	5.052764608981049	5.052799190171397	11
318377	5.052805321992481	5.0528147447837	3
318663	5.052987011356826	5.052990149468247	1
318949	5.053158968988773	5.0531715101787436	4
319235	5.053415195702225	5.053437123122465	7
319521	5.053583332550912	5.05360524034414	7
319806	5.053635641607725	5.053666910564529	10
320092	5.0538220261674764	5.053825150269297	1
320378	5.053674097472361	5.05367721878531	1
320664	5.0538320484993635	5.053835167028416	1
320950	5.053921171522044	5.053924287272161	1
321235	5.053910688436814	5.053913801422635	1
321521	5.054117771467493	5.054120881684245	1
321807	5.054169113785592	5.054175328690799	2
322093	5.054263830632768	5.054276249406227	4
322378	5.054420587012761	5.054436096755982	5
322664	5.054527310143059	5.054530409342226	1
322950	5.054578108066264	5.054593590339062	5
323236	5.054656659530498	5.054659753245307	1
323522	5.054982350504757	5.054991623444464	3
323807	5.054933957573493	5.054937045832857	1
324093	5.05511689545902	5.055126152061291	3
324379	5.055145370076361	5.055163866958095	6
324665	5.055256957171238	5.055263117367132	2
324951	5.0554329729713094	5.055436050358361	1
325236	5.055430518146823	5.055433592837201	1
325522	5.055513913038135	5.055532344972075	6
325808	5.0555726071796885	5.055575676472032	1
326094	5.055750795782811	5.055759995584095	3
326380	5.055931736013236	5.055937863839696	2
326665	5.05593191801999	5.0559349792600985	1
326951	5.055996158445761	5.0560022755703455	2
327237	5.056222248706595	5.056240584041536	6
327523	5.056484582762127	5.056496795644886	4
327809	5.056587830108386	5.056596981779024	3
328094	5.056520387449938	5.0565447707059565	8
328380	5.056763505694622	5.0567726414519765	3
328666	5.05702445643906	5.057036626849142	4
328952	5.057050876723656	5.057053916680853	1
329238	5.057220004981199	5.05722911693061	3
329523	5.057370805679725	5.057379909748334	3
329809	5.057487818707191	5.057493882823088	2
330095	5.057547069782942	5.057550099213863	1
330381	5.057672808060996	5.057675834869439	1
330667	5.0576289741643405	5.05763502254534	2
330952	5.057685102371341	5.057691145543765	2
331238	5.057756054558958	5.057759073536249	1
331524	5.0578178352095176	5.057820851582389	1
331810	5.057912660860131	5.057915674633073	1
332096	5.058013345538639	5.058022379071112	3
332381	5.058144117744396	5.058150134935511	2
332667	5.0581061542022505	5.058115172229287	3
332953	5.0582724889098465	5.058278495763666	2
333239	5.058258487151864	5.0582644888503445	2
333525	5.058502361142343	5.0585083576943255	2
333810	5.05853329738474	5.0585362931008655	1
334096	5.058773526172118	5.0587765193237875	1
334382	5.058863814439772	5.0588877391725635	8
334668	5.058989804821494	5.05900773303692	6
334954	5.059360389784866	5.059384273661458	8
335239	5.059575407395918	5.059581373288907	2
335525	5.059730273452053	5.059733253855898	1
335811	5.059795539753016	5.059804473349592	3
336097	5.059685150417885	5.059694076412464	3
336382	5.059697011136149	5.059702956757496	2
336668	5.059818574975941	5.059824515546473	2
336954	5.059856835057604	5.05985980282175	1
337240	5.059948404696952	5.059954335191555	2
337526	5.059942048908825	5.059945011643547	1
337811	5.059974364363505	5.059980284833827	2
338097	5.059970955080939	5.059979828274134	3
338383	5.060203970057597	5.060212835751205	3
338669	5.060256474610903	5.060265332817589	3
338955	5.060261686654571	5.060267587142836	2
339240	5.060326022874661	5.060331918405848	2
339526	5.060540282629312	5.060543227911854	1
339812	5.0608836650854006	5.060898379103739	5
340098	5.061008885674129	5.061020646989985	4
340384	5.061095703675848	5.061104517251104	3
340669	5.061285294523423	5.061297036125976	4
340955	5.061289612998783	5.0613042776906045	5
341241	5.061384769122116	5.061393560562769	3
341527	5.0615617506082975	5.061564678634486	1
341813	5.061694552284436	5.061697477860702	1
342098	5.061900391115996	5.061909160532947	3
342384	5.062038529837843	5.062041450535072	1
342670	5.062150173636443	5.062167683193743	6
342956	5.062302452792778	5.062308284444652	2
343242	5.0622447136422695	5.062276761002441	11
343527	5.062315334748069	5.062326978665433	4
343813	5.062501999633522	5.0625049081913716	1
344099	5.062606982292887	5.062609888433271	1
344385	5.0627785763026845	5.062787287483485	3
344671	5.062787411763682	5.0627961157161465	3
344956	5.063074710977632	5.063077609898074	1
345242	5.063100665620058	5.0631035621390215	1
345528	5.0631670949966425	5.063169989118103	1
345814	5.063311491148421	5.06332016633219	3
346100	5.063374747182895	5.06338341519792	3
346385	5.06334569914979	5.0633514730718705	2
346671	5.063460745202224	5.063472283519533	4
346957	5.0634314915104754	5.0634603135258835	10
347243	5.063508839631036	5.063511719458708	1
347529	5.063695403836802	5.063709791125345	5
347814	5.063916346093027	5.063919221192936	1
348100	5.064064923872451	5.0640677966101695	1
348386	5.064170202017302	5.064173072396709	1
348672	5.064289647577093	5.064298251651983	3
348957	5.064394753508312	5.064452067160137	20
349243	5.064333429732307	5.06433629306815	1
349529	5.064423838937541	5.064426699930478	1
349815	5.064648457041579	5.064657033003159	3
350101	5.064924121896253	5.064926978214858	1
350386	5.065153858887056	5.06516242087298	3
350672	5.065286079299174	5.06528893096683	1
350958	5.065463673715943	5.065469372403536	2
351244	5.065666602134129	5.065672296181572	2
351530	5.0658407532785255	5.065846442693369	2
351815	5.0660176513224275	5.066020493725396	1
352101	5.065915745766129	5.065929946237017	5
352387	5.065927517189908	5.0659331927681786	2
352673	5.066018663180907	5.066021498668738	1
352959	5.06627965287753	5.066285319258044	2
353244	5.066424341248542	5.066430003057377	2
353530	5.066588408338755	5.066594065567279	2
353816	5.06660241481448	5.066605241142288	1
354102	5.066548621583611	5.066551445628661	1
354388	5.066627538178493	5.0666360034764155	3
354673	5.066720613071759	5.066723432570283	1
354959	5.066883780943715	5.066886598170493	1
355245	5.067057945924644	5.067060760883334	1
355531	5.067338713079872	5.067352776551131	5
355817	5.067543147179589	5.067568441080668	9
356102	5.067806415015922	5.067809223200094	1
356388	5.068088712302322	5.068097130094167	3
356674	5.0681967286653915	5.068202336026736	2
356960	5.0683634020618555	5.068369004930524	2
357246	5.0684234393107275	5.068429037693914	2
357531	5.068363302762558	5.068368896683085	2
357817	5.06854341744523	5.068549006894586	2
358103	5.0686785645470716	5.068695319503048	6
358389	5.068679563267846	5.068685143796266	2
358675	5.068937060012546	5.068942636091169	2
358960	5.069133051036327	5.069146980164921	5
359246	5.0693090528495794	5.069314620065359	2
359532	5.069609937363016	5.069618281543785	3
359818	5.069518478786498	5.069532374700543	5
360104	5.069541021482682	5.069549352409304	3
360389	5.069569270982189	5.0695748205411375	2
360675	5.069608373189159	5.069613918347542	2
360961	5.069752687963519	5.0697609991107075	3
361247	5.069841410447699	5.069846946825856	2
361533	5.0699825465448525	5.069990844542545	3
361818	5.069852798921004	5.0698555627414885	1
362104	5.069941232353136	5.069949517265758	3
362390	5.069982615414332	5.069985374872375	1
362676	5.070225214792266	5.07023072935623	2
362961	5.070161808017941	5.070164563134882	1
363247	5.070368096639477	5.070376355482633	3
363533	5.070502540347094	5.070508041910913	2
363819	5.070579051671298	5.070587297529816	3
364105	5.070688400324082	5.07069389324508	2
364390	5.070833447679684	5.070841680616922	3
364676	5.070827254878303	5.070829997038467	1
364962	5.071007392550458	5.071018352595613	4
365248	5.071080471350973	5.071083209216751	1
365534	5.071240978951343	5.071246450398595	2
365819	5.07143150027746	5.071439701054347	3
366105	5.0716734270223025	5.07168162139277	3
366391	5.071538329271188	5.071541058595872	1
366677	5.071564346822953	5.071567074018823	1
366963	5.071669350860986	5.071674801001736	2
367248	5.07190781161504	5.0719132575262496	2
367534	5.071941643494207	5.071944364330919	1
367820	5.072021641020064	5.072024359741178	1
368106	5.072041748844083	5.072047182061689	2
368392	5.072181263436774	5.072208408434494	10
368677	5.072320757736446	5.0723234701378175	1
368963	5.072427316560197	5.07244086805452	5
369249	5.072541834913568	5.0725472513128	2
369535	5.0727021797664635	5.072707591973697	2
369821	5.072827124473732	5.072829828484592	1
370106	5.072822380615283	5.07282508254392	1
370392	5.072911941942591	5.072914641784919	1
370678	5.073049924732517	5.073058018010241	3
370964	5.073050215115213	5.073052910794578	1
371250	5.073241750841751	5.0732471380471384	2
371535	5.073301304049417	5.0733120701952705	4
371821	5.073449321044266	5.073454699976602	2
372107	5.073666982883956	5.07366967028301	1
372393	5.073699022269484	5.0737017076046005	1
372679	5.073591482213916	5.073607581859992	6
372964	5.073806050986154	5.073816775881855	4
373250	5.073768251841929	5.073770931011387	1
373536	5.073891137668123	5.073893814786259	1
373822	5.074021860671657	5.074027210811563	2
374108	5.074088231205962	5.0740909042308635	1
374393	5.074146685434824	5.074149356424933	1
374679	5.074330293397815	5.0743329623491045	1
374965	5.074438947635112	5.0744442814662705	2
375251	5.074638042270374	5.074648701802261	4
375536	5.074647969835116	5.074658621277321	4
375822	5.074713561207167	5.074721543709522	3
376108	5.07472587660991	5.074731194231444	2
376394	5.074780681944983	5.074785995525965	2
376680	5.074877880429011	5.074883189975576	2
376965	5.074916769461356	5.074924727759871	3
377251	5.074973956331461	5.074979257841596	2
377537	5.07509197773993	5.075102572727971	4
377823	5.075170119341596	5.075183353051561	5
378109	5.0753407086316376	5.075353932331682	5
378394	5.075484812127042	5.0754900976231125	2
378680	5.075594169219394	5.07559680997148	1
378966	5.075706000010555	5.075708638769705	1
379252	5.075844029827134	5.0758519401347915	3
379538	5.075810590770884	5.075813225553173	1
379823	5.075827424879483	5.0758300576847635	1
380109	5.0759703137784165	5.075980837075681	4
380395	5.076141905124936	5.0761445339712665	1
380681	5.076237059375172	5.07623968624649	1
380967	5.076400318137791	5.076402943037061	1
381252	5.076469107047307	5.076476975858487	3
381538	5.076605737829522	5.076608358800434	1
381824	5.0767447829366406	5.0767552589674825	4
382110	5.076922875611735	5.076930726754076	3
382396	5.077053630268099	5.077058860448331	2
382681	5.077072026047805	5.077074639190344	1
382967	5.077092804340844	5.077098026722929	2
383253	5.076983089499626	5.076996135711918	5
383539	5.077157733633347	5.077160340930127	1
383825	5.077201849801342	5.077204455155345	1
384110	5.077417927156283	5.077420530577179	1
384396	5.077591858396029	5.077594459879916	1
384682	5.077812322905673	5.07781492245543	1
384968	5.0778636146381	5.077868809875106	2
385254	5.077904447455445	5.077914830215909	4
385539	5.078137360941435	5.078155517340658	7
385825	5.07819348150068	5.078198665197952	2
386111	5.078332396642416	5.078337576500022	2
386397	5.0785746266145955	5.078577214626407	1
386683	5.078679435092828	5.078697537776422	7
386968	5.078890244154556	5.078892828347564	1
387254	5.0789946650002324	5.078997247284728	1
387540	5.079073127935181	5.079086029829179	5
387826	5.079324233032339	5.0793268115082535	1
388112	5.079477058168776	5.079489941047945	5
388397	5.07948568088837	5.07949083025873	2
388683	5.079545542254228	5.079548115044908	1
388969	5.079535901318614	5.079553897611378	7
389255	5.07956224069055	5.079577654750742	6
389540	5.079640088309288	5.079647789700672	3
389826	5.0797766182861075	5.079784314027284	3
390112	5.079789906488393	5.079800159954065	4
390398	5.079941495601924	5.079949180067521	3
390684	5.079836901434407	5.079839461047803	1
390969	5.0799449572728275	5.079950072767918	2
391255	5.080050095206451	5.080055206962212	2
391541	5.080078459216276	5.080086121249115	3
391827	5.0802037633955806	5.080206315542318	1
392113	5.080349287067759	5.080354387638257	2
392398	5.0805432239715795	5.080548320837517	2
392684	5.080583879149647	5.080586425726539	1
392970	5.080660101279996	5.080665190727028	2
393256	5.0808150416014	5.080820127347072	2
393542	5.080796967032744	5.08079950805759	1
393827	5.08091877905781	5.080923857429785	2
394113	5.080931103515996	5.080936178202698	2
394399	5.081062578759074	5.081070185269232	3
394685	5.081193863460735	5.081196397126822	1
394971	5.081383190158265	5.081388253821166	2
395256	5.0812916185965555	5.081301738620033	4
395542	5.081384530593464	5.081389586946519	2
395828	5.0815278353224125	5.08153288802207	2
396114	5.081648212383304	5.081655785960607	3
396400	5.081584258324924	5.081591826437942	3
396685	5.081490351286285	5.081492872178177	1
396971	5.0816029382498975	5.081605457325598	1
397257	5.081634810714474	5.081649914287224	6
397543	5.0817546781102925	5.081762224463769	3
397829	5.081743663734922	5.081746177377718	1
398114	5.081913723204911	5.081918746891594	2
398400	5.0819553212851405	5.081965361445783	4
398686	5.082227617724224	5.082235142442925	3
398972	5.082389240347694	5.082394253230803	2
399258	5.082495529206678	5.082503043145034	3
399543	5.082564329746735	5.082569335465769	2
399829	5.082665339432608	5.082667840501815	1
400115	5.0826962248353595	5.082708721242643	5
400401	5.082689603672319	5.082707086146138	7
400687	5.0828077776419	5.082810273355512	1
400972	5.082913520146045	5.082918508025498	2
401258	5.083098654730871	5.083116099865921	7
401544	5.083345785268862	5.083348275655968	1
401830	5.083445735758903	5.083455690217256	4
402115	5.083443790955323	5.083458712059983	6
402401	5.083466492379492	5.0834714625460675	2
402687	5.083645610610723	5.083648093929032	1
402973	5.083859216374298	5.083861697930134	1
403259	5.084040281804002	5.084042761599865	1
403544	5.084159348175168	5.0841618262196935	1
403830	5.0842829903672335	5.084285466656762	1
404116	5.084352017737482	5.0843619158855375	4
404402	5.0843566550115975	5.084361600585556	2
404688	5.084504606017475	5.084507077056894	1
404973	5.0845192148612375	5.084524153462083	2
405259	5.084639699550165	5.0846421671079485	1
405545	5.084547953987843	5.084555351440654	3
405831	5.084729850602837	5.084732314682713	1
406117	5.084697267043734	5.084699729388329	1
406402	5.084760901767216	5.084765823002839	2
406688	5.084898005350539	5.08490784090015	4
406974	5.084774457336341	5.084776914495766	1
407260	5.084958012080735	5.084962922948485	2
407546	5.085111864672945	5.0851216795159315	4
407831	5.085250998575391	5.085253450571438	1
408117	5.085436284202815	5.0854411847582925	2
408403	5.0855772362103115	5.085582133333986	2
408689	5.085703309851746	5.085708203548419	2
408975	5.0859221223791184	5.085924567516352	1
409260	5.0860382153154475	5.086040658749939	1
409546	5.086268697533367	5.086271139261524	1
409832	5.086276815866014	5.0862816959144235	2
410118	5.086267854617452	5.086270292940081	1
410404	5.086278398846015	5.086283272092865	2
410689	5.086233135048662	5.086235569981178	1
410975	5.086289920311454	5.086297220025549	3
411261	5.0864900878031225	5.086494950894931	2
411547	5.086668108381303	5.086677827805816	4
411833	5.086709904257308	5.086714760594707	2
412118	5.086912000931772	5.086916853910773	2
412404	5.0869850922881445	5.086992366708373	3
412690	5.086992657927258	5.087002350432528	4
412976	5.087300472666692	5.087305315563132	2
413262	5.087399760926482	5.0874046004713716	2
413547	5.08746285186448	5.087477360493486	6
413833	5.087482148596173	5.087484565029855	1
414119	5.087460367672095	5.0874627824369325	1
414405	5.087530314547363	5.087532727645661	1
414690	5.08760037618462	5.0876027876244905	1
414976	5.087737604102406	5.08774483343615	3
415262	5.087698850364348	5.087701258482596	1
415548	5.087804537622609	5.087809350544341	2
415834	5.087777815185867	5.087785029603159	3
416119	5.087809016170855	5.087813822488279	2
416405	5.087991258510344	5.087996061526638	2
416691	5.088250046197302	5.0882572457768465	3
416977	5.088376577125357	5.088378975339167	1
417263	5.0884142615089285	5.088428640929102	6
417548	5.08841618209164	5.088418577025875	1
417834	5.088477720817358	5.088482507407248	2
418120	5.088529608724768	5.088532000382665	1
418406	5.08873438717418	5.088739167220355	2
418692	5.088637948659158	5.088647502221203	4
418977	5.088747114996766	5.088749501762627	1
419263	5.088657954553586	5.088660339691315	1
419549	5.088847786551749	5.088854937087206	3
419835	5.088842045089142	5.088865863970369	10
420121	5.088941043175656	5.088945803708931	2
420406	5.089028225096692	5.089030603749709	1
420692	5.0890461430214975	5.089050897093361	2
420978	5.08917805681057	5.089180432231613	1
421264	5.089248072467622	5.089252820084318	2
421550	5.089417625429961	5.089424742023485	3
421835	5.089480484075527	5.089489966456079	4
422121	5.089607008417018	5.089616484372964	4
422407	5.089719157116241	5.089721524501251	1
422693	5.089769643689392	5.089783838388618	6
422979	5.089801148520376	5.089810605254635	4
423264	5.089920238905269	5.089922601496938	1
423550	5.089956321567701	5.089968126549404	5
423836	5.089992355533744	5.090006511952736	6
424122	5.090113222138913	5.090117937763191	2
424408	5.090344668338014	5.090351737007785	3
424693	5.090441801489547	5.0904512200577825	4
424979	5.090512707686733	5.090519766859068	3
425265	5.090578815562061	5.090590572936875	5
425551	5.090771728887959	5.090785828255603	6
425837	5.091016046045787	5.091020742678537	2
426122	5.091060776021891	5.091067816259193	3
426408	5.091196694245887	5.0912131104482095	7
426694	5.091119162678641	5.09112619347823	3
426980	5.091172888659891	5.091175230689962	1
427266	5.0912639901138865	5.091266330576269	1
427551	5.091418333719252	5.091423011523771	2
427837	5.09146941475375	5.091483438786267	6
428123	5.091567143087384	5.091571814642053	2
428409	5.09163439610279	5.091636730320792	1
428694	5.091788081941898	5.091790414608089	1
428980	5.091950673691081	5.091955335913096	2
429266	5.092029184701327	5.092036173375017	3
429552	5.092061031027676	5.092065687041383	2
429838	5.092169608084906	5.092171934542781	1
430123	5.092231756962543	5.092238731711626	3
430409	5.092372603732729	5.09237492710422	1
430695	5.092387884697988	5.092394850184005	3
430981	5.092389223654871	5.092393864230674	2
431267	5.09242997957182	5.092432298320993	1
431552	5.092556632804389	5.092563584457956	3
431838	5.092548594611868	5.092550910295064	1
432124	5.092547509511159	5.092549823661726	1
432410	5.092592678245184	5.092599616105085	3
432696	5.092586943258084	5.092589254349474	1
432981	5.092666883766262	5.09267381247676	3
433267	5.092924224554374	5.09292653259999	1
433553	5.092964412655431	5.092966719178508	1
433839	5.092900822655409	5.092905432660503	2
434125	5.092917938381802	5.092924848833861	3
434410	5.093002002716328	5.093006606661909	2
434696	5.093230671549772	5.093235272466275	2
434982	5.0933762776390745	5.093380875530482	2
435268	5.093608994918074	5.093625076964077	7
435554	5.093625589479146	5.093627885405713	1
435839	5.093924591420226	5.093929180270696	2
436125	5.093961593579822	5.093966179421037	2
436411	5.093989381569209	5.093991672987161	1
436697	5.094033162581836	5.094035452499101	1
436983	5.094113500982876	5.094127231494132	6
437268	5.09413220267662	5.094143637311672	5
437554	5.094136952239038	5.09414609396783	4
437840	5.094089164991778	5.094105152567148	7
438126	5.09431533394503	5.0943221812903134	3
438412	5.094390664489111	5.094395226408036	2
438697	5.094347579308725	5.094354417741631	3
438983	5.09433394915065	5.0943362271431925	1
439269	5.094497904473113	5.094511563529409	6
439555	5.094618420902958	5.094620695931112	1
439841	5.094643291553084	5.094650112199636	3
440126	5.094720602736489	5.0947342351962845	6
440412	5.094831657629674	5.09484528123666	6
440698	5.095024256974163	5.095026526101775	1
440984	5.09519846525044	5.095203000562378	2
441269	5.095356800500375	5.095361332883116	2
441555	5.0954195966527385	5.095426390823341	3
441841	5.095414413782334	5.095423466812722	4
442127	5.095388881475232	5.095391143268789	1
442413	5.095480919412404	5.095485440075223	2
442698	5.0954872170192775	5.095489475895532	1
442984	5.095371390388817	5.095373647806693	1
443270	5.095420398402779	5.095424910325535	2
443556	5.095523451379307	5.095525705886066	1
443842	5.095651155140794	5.095653408194808	1
444127	5.095715865056617	5.095729374705884	6
444413	5.095816279001739	5.095818529160938	1
444699	5.095860345986836	5.095864843410936	2
444985	5.095962785262425	5.095976268862995	6
445271	5.096175138286571	5.096179629933232	2
445556	5.096266238138416	5.096272971298782	3
445842	5.096204484996927	5.09620672794398	1
446128	5.096422999677222	5.09642748269555	2
446414	5.096401546546479	5.096403786619596	1
446700	5.096377882247594	5.096380120886501	1
446985	5.096452901104064	5.096457375527143	2
447271	5.096625982905219	5.096632690248194	3
447557	5.096595517442471	5.096599986147016	2
447843	5.096674504234743	5.096681203010877	3
448129	5.096760084707752	5.096775705209883	7
448414	5.09673203780435	5.096734267886373	1
448700	5.096808558056608	5.096819701359483	5
448986	5.096940661846917	5.096947343569733	3
449272	5.096956854644848	5.096959080467957	1
449558	5.097191018733956	5.097199916362293	4
449843	5.097329512741112	5.097333958736715	2
450129	5.097376529839224	5.097380973009959	2
450415	5.097372423209706	5.097381303908618	4
450701	5.097488135149467	5.0974903539153456	1
450987	5.097621439198913	5.097623656557728	1
451272	5.097599673810917	5.097606321686256	3
451558	5.0976375127890545	5.097641941898937	2
451844	5.097600056656722	5.097602269809935	1
452130	5.0975847654435675	5.097589188950081	2
452416	5.097697694157589	5.097699904512661	1
452701	5.097777561790233	5.097799651425555	10
452987	5.097974114047423	5.097976321616294	1
453273	5.098106439165801	5.098117470045646	5
453559	5.098309150518455	5.098320174442575	5
453845	5.09839041963666	5.0984014366138215	5
454130	5.098489419329267	5.098500429392464	5
454416	5.098618886658921	5.098629889792613	5
454702	5.098860352494601	5.0988713487075055	5
454988	5.09883557368546	5.098839969405787	2
455273	5.098951618040165	5.098956011008779	2
455559	5.098920227676327	5.098924617887035	2
455845	5.098902039070298	5.0989042327984295	1
456131	5.09901541443138	5.099019799136651	2
456417	5.099049772466845	5.099054154424572	2
456702	5.099101821318935	5.099112769376968	5
456988	5.099147023554229	5.0991492117954955	1
457274	5.099174674265321	5.099176861137961	1
457560	5.099217588950083	5.099224145467261	3
457846	5.099367472905737	5.099374025327293	3
458131	5.099362409441841	5.099364592223622	1
458417	5.099507653511977	5.0995098349319505	1
458703	5.099609115266305	5.099620015565628	5
458989	5.099627659922133	5.099629838623583	1
459275	5.099644004136955	5.099646181481683	1
459560	5.099710592740883	5.099714944729741	2
459846	5.099787755031032	5.099789929672108	1
460132	5.100045204419601	5.100051724287813	3
460418	5.100117719116107	5.100124234934342	3
460704	5.100166267277905	5.100179290824477	6
460989	5.100362481534266	5.100364650783424	1
461275	5.10050837352989	5.100512709338247	2
461561	5.100576088534344	5.100580421656076	2
461847	5.1005960848506104	5.100600415289046	2
462133	5.1007848389965655	5.100787002875795	1
462418	5.100759486006168	5.10076813618847	4
462704	5.100775009509319	5.100779331927106	2
462990	5.10084019093285	5.100842350806713	1
463276	5.1009398285255445	5.1009484626874695	4
463562	5.100976784119492	5.100983255745725	3
463847	5.1010139119149205	5.101016067798218	1
464133	5.101156349580831	5.101164967800178	4
464419	5.101333063462089	5.101339523146125	3
464705	5.101466521771877	5.101475129383157	4
464991	5.101386908563821	5.10138905914308	1
465276	5.101419372587453	5.101427969635227	4
465562	5.1016169704572105	5.101619118398839	1
465848	5.101638302622314	5.101646889114046	4
466134	5.1017625832914995	5.1017668739032125	2
466420	5.101824535826079	5.101828823806869	2
466705	5.101833063712624	5.10183520639376	1
466991	5.101798535731952	5.101819949420867	10
467277	5.10187961316307	5.101896733629089	8
467563	5.101992672645184	5.1019948113944	1
467848	5.101977565363109	5.10197970280946	1
468134	5.101996436917634	5.102007117620168	5
468420	5.102143375603092	5.10214551043935	1
468706	5.102217594824901	5.102230396026507	6
468992	5.10224481441048	5.102251211108078	3
469277	5.102346801569222	5.102357456257178	5
469563	5.102520854496627	5.102525113776	2
469849	5.102624460198915	5.102626588542276	1
470135	5.102640730853904	5.102642857902517	1
470421	5.102790904317622	5.102797281583943	3
470706	5.102762658644674	5.102766907581378	2
470992	5.102878605156776	5.102880728335088	1
471278	5.102996532832002	5.1029986547218416	1
471564	5.10312916168325	5.103139764697899	5
471850	5.103208646815725	5.103217124086044	4
472135	5.103173880352018	5.1031781164285634	2
472421	5.103217257488554	5.103221491000612	2
472707	5.103279621414534	5.103281736889871	1
472993	5.103265798859603	5.103270027251989	2
473279	5.103410461905134	5.10341257482373	1
473564	5.103417911834515	5.103420023481514	1
473850	5.103600295452147	5.103604516197109	2
474136	5.103554676295409	5.103565221792904	5
474422	5.103635581823777	5.103637689651829	1
474708	5.103825930888041	5.103830144004315	2
474993	5.103993111477433	5.103995216771615	1
475279	5.103932637461365	5.1039347414886835	1
475565	5.103971065995185	5.103987888091008	8
475851	5.1040661887859855	5.104068290284143	1
476137	5.103982677254655	5.103988977962225	3
476422	5.103998136106225	5.104002334065178	2
476708	5.104162296416255	5.104174882737441	6
476994	5.104338838643673	5.10434512803096	3
477280	5.1043538384177	5.104360124036205	3
477566	5.104366726274484	5.10437300812872	3
477851	5.104551418747685	5.104563974962907	6
478137	5.104622733651652	5.104624825102428	1
478423	5.10466679068523	5.104668880885743	1
478709	5.104869555408401	5.104871644360144	1
478995	5.105034499316277	5.1050365870207415	1
479280	5.105141044900685	5.105147304289768	3
479566	5.105301460070147	5.105305630507584	2
479852	5.105353317272826	5.105355401248718	1
480138	5.105517580362313	5.105523828565954	3
480423	5.105631911877658	5.105636074875682	2
480709	5.105706362893144	5.1057167641962184	5
480995	5.10571211758958	5.10571419661327	1
481281	5.105844610528984	5.10584668831722	1
481567	5.105912572913011	5.105916726021509	2
481852	5.105881058914355	5.105885209566423	2
482138	5.105942696904206	5.105944770999175	1
482424	5.1060208447340925	5.106024990464819	2
482710	5.106136189430507	5.106142404342152	3
482996	5.106176862748346	5.106181003569388	2
483281	5.106302544482403	5.106308752051084	3
483567	5.106485761021741	5.106491964919029	3
483853	5.106493087776659	5.106499288006894	3
484139	5.106498340352667	5.106502471397677	2
484425	5.10650977963565	5.10651184393869	1
484710	5.106606011842133	5.106614264199212	4
484996	5.10665242599939	5.106658611617416	3
485282	5.106739998598753	5.106744119913782	2
485568	5.106734793067089	5.106738911954659	2
485854	5.106851029321565	5.106853087553051	1
486139	5.10708048521102	5.1070845992607055	2
486425	5.107112093334019	5.107116204964794	2
486711	5.107213520960077	5.107217630174786	2
486997	5.107378484877731	5.10738053827847	1
487283	5.107354453161715	5.107360609748339	3
487568	5.107420913595642	5.10742501558757	2
487854	5.107302594628721	5.107308744009479	3
488140	5.107381079198591	5.107385176383825	2
488426	5.107293633017079	5.107295680410134	1
488712	5.107304506539639	5.107310645124326	3
488997	5.107403521902997	5.1074076119076395	2
489283	5.107520596464623	5.107524684078539	2
489569	5.107564000171579	5.107568085397564	2
489855	5.1076461401843405	5.107648181604761	1
490141	5.107673098149308	5.107675138378548	1
490426	5.107661502448892	5.107669658623319	4
490712	5.1077251014851885	5.107739366471576	7
490998	5.10772956305321	5.107731599721384	1
491284	5.107998632155739	5.1080027031208015	2
491570	5.1080069979860445	5.108009032284314	1
491855	5.10811519655183	5.108117229671346	1
492141	5.1082169540842965	5.108225081836303	4
492427	5.108164255818629	5.108166286576488	1
492713	5.108271955479153	5.1082780442164095	3
492999	5.1083977857967255	5.108403871001767	3
493284	5.1084851728416085	5.108487200071359	1
493570	5.1084608059647065	5.108464858074843	2
493856	5.108620731549277	5.108628831076265	4
494142	5.108638812325202	5.108648930874121	5
494427	5.108661137033374	5.108667204663176	3
494713	5.10889343922638	5.1089055674704325	6
494999	5.10903456370619	5.109038604118392	2
495285	5.109108896897745	5.109116973055917	4
495571	5.109138751056862	5.109146822554185	4
495856	5.109445080829919	5.109447097544448	1
496142	5.109430364693979	5.109434395797977	2
496428	5.109560701652606	5.109564730434222	2
496714	5.10957009466212	5.109572107893073	1
497000	5.10961167002012	5.10961569416499	2
497285	5.109651407140775	5.109653418060066	1
497571	5.109765239533655	5.1097712688239465	3
497857	5.109886975577324	5.10989099279512	2
498143	5.109868049937468	5.109872064848848	2
498429	5.109865196447237	5.109873221662464	4
498714	5.109920716081763	5.109924726396291	2
499000	5.109867735470942	5.10987374749499	3
499286	5.110039135886045	5.110041138746129	1
499572	5.11007822696228	5.110080228675747	1
499858	5.1100952670558435	5.110117273305619	11
500143	5.110096512397455	5.110098511825618	1
500429	5.110275383720768	5.110281378577181	3
500715	5.110270313451764	5.110272310595848	1
501001	5.110385009211559	5.110387005215559	1
501287	5.110421774352816	5.110423769218033	1
501572	5.11047068018151	5.110474667644924	2
501858	5.110581080704104	5.110583073299619	1
502144	5.110641568952333	5.110643560412949	1
502430	5.110680094739566	5.110682085066577	1
502716	5.110764328169384	5.110766317364078	1
503001	5.110649879423699	5.110651867491317	1
503287	5.110696282637938	5.110700256513679	2
503573	5.1108677391361335	5.110869724945539	1
503859	5.110838548085873	5.110844502132541	3
504145	5.110835176387746	5.110837159944063	1
504430	5.110875641813532	5.110879606684773	2
504716	5.110935654902955	5.110937636215218	1
505002	5.110967877354941	5.110971837735296	2
505288	5.111128702838777	5.11113068190814	1
505574	5.11122605197261	5.111230007872241	2
505859	5.11132746476785	5.111331418438735	2
506145	5.111337660156675	5.111345563030357	4
506431	5.111353767838067	5.111357717043388	2
506717	5.111425115005023	5.1114349824458225	5
507002	5.111534076788652	5.111549855819109	8
507288	5.111644667329013	5.111646638595827	1
507574	5.11173937199305	5.111743312305201	2
507860	5.111804434292916	5.111806403339503	1
508146	5.1118162890192975	5.11182612871104	5
508431	5.11183621769719	5.111842118202864	3
508717	5.111863767084646	5.111865732814119	1
509003	5.1120602432598625	5.112064172509789	2
509289	5.112266316374397	5.112270243417784	2
509575	5.112395623804151	5.112397586223814	1
509860	5.112530890832778	5.112534813478209	2
510146	5.1125089680209195	5.112510928244071	1
510432	5.1126594727603285	5.112665350134788	3
510718	5.11275106810412	5.112756942187273	3
511004	5.1128875703517	5.112889527283544	1
511289	5.11306912528922	5.113071081130242	1
511575	5.113187704637639	5.113189659385232	1
511861	5.113331548994746	5.113339363616294	4
512147	5.113365889090437	5.113367841654838	1
512433	5.1133865305317965	5.11339043348106	2
512718	5.11346783221966	5.113469782609544	1
513004	5.113465002222205	5.113470850129824	3
513290	5.1134115217518366	5.113415418184652	2
513576	5.113607333676028	5.113609280807514	1
513862	5.113773736917694	5.1137815211087805	4
514147	5.113924616889722	5.113934341734951	5
514433	5.113956530782434	5.113962362445644	3
514719	5.113957324287621	5.113961209902879	2
515005	5.114070737177309	5.11407267890603	1
515291	5.114209252635889	5.1142111932869	1
515576	5.114227582354493	5.114233401089267	3
515862	5.114245670353699	5.114247608856632	1
516148	5.11429086231081	5.114296674597209	3
516434	5.114337940569366	5.114341813281078	2
516720	5.114392707849512	5.114400448985911	4
517005	5.114463109641106	5.114468912292918	3
517291	5.114542878186553	5.114546744482313	2
517577	5.1145877811417435	5.114591645301085	2
517863	5.114729185131975	5.11473304715726	2
518149	5.114843413767082	5.114847273660665	2
518434	5.11494616479629	5.114948093682127	1
518720	5.114961829117829	5.114965684762493	2
519006	5.114927380415641	5.114933160695638	3
519292	5.114968071913298	5.114969997612134	1
519578	5.115041437474258	5.115045286751941	2
519863	5.1151034022425135	5.115111096577367	4
520149	5.115117014547755	5.1151189370738	1
520435	5.115251664472989	5.115253585942529	1
520721	5.115236374181183	5.115238294595378	1
521006	5.115267386556009	5.115271225283394	2
521292	5.115394059375552	5.115401732618187	4
521578	5.115478413583395	5.115482248100955	2
521864	5.115625910198826	5.11562782640688	1
522150	5.11566408120272	5.115665996361199	1
522435	5.115778996430178	5.115786652885048	4
522721	5.115782606782585	5.115790259048326	4
523007	5.115866518038955	5.115868430059254	1
523293	5.115879631487522	5.115889186364044	5
523579	5.115993956976884	5.115997776839789	2
523864	5.116039659148176	5.116047294717713	4
524150	5.115964895545169	5.115972526948393	4
524436	5.1160351310741445	5.116040851505236	3
524722	5.116128159291968	5.1161300650630235	1
525008	5.116205848291836	5.116209657757596	2
525293	5.116163740997881	5.1161656446973405	1
525579	5.116271768849212	5.116273671512751	1
525865	5.116362564536526	5.116366367794016	2
526151	5.116472267466944	5.1164760686570965	2
526437	5.116473576135416	5.1164773752604775	2
526722	5.116511176673843	5.116518770812687	4
527008	5.116687033213917	5.116700315744732	7
527294	5.116820976533016	5.11682666595865	3
527580	5.1169263429242955	5.116932029265704	3
527866	5.117044856080899	5.117046750501074	1
528151	5.117212691067516	5.117214584465428	1
528437	5.117293073724967	5.11730064321764	4
528723	5.117411196410975	5.11741308776051	1
529009	5.117457358948524	5.11746113960254	2
529295	5.1174921357655	5.117495914376671	2
529580	5.117559197854904	5.117562974432569	2
529866	5.1175636859130424	5.117575009530712	6
530152	5.117609666661637	5.117615325416107	3
530438	5.117689532047101	5.117695187750501	3
530724	5.117833374786141	5.11783714322322	2
531009	5.117988583997635	5.117994233619393	3
531295	5.117891190393284	5.117893072586793	1
531581	5.117914297162615	5.11791617834347	1
531867	5.11801258585323	5.1180257470382635	7
532153	5.118013052637117	5.118016810954744	2
532438	5.118086988531998	5.118090744837897	2
532724	5.118158746367725	5.118164377801638	3
533010	5.11831672951727	5.118324234066903	4
533296	5.118352659686178	5.118362035342474	5
533581	5.118407514510449	5.118411262769851	2
533867	5.118456469495212	5.118460215746619	2
534153	5.118452952618444	5.118454824741226	1
534439	5.118599129180318	5.1186028714221825	2
534725	5.118733928654916	5.118735798775071	1
535010	5.1186575951851365	5.118665071680903	4
535296	5.118752989000479	5.1187548571257775	1
535582	5.118756791677091	5.118764260187983	4
535868	5.118824038755813	5.118825904887024	1
536154	5.11896395438624	5.1189676846577665	2
536439	5.119092757983666	5.119096486273369	2
536725	5.119126181936746	5.1191317713913085	3
537011	5.1192489539320425	5.119250816091291	1
537297	5.119375317561795	5.119380901065891	3
537583	5.119494106026418	5.119495966204289	1
537868	5.119547918820231	5.119555355589104	4
538154	5.119627467230569	5.119633041843041	3
538440	5.119612213059951	5.1196140702770965	1
538726	5.119673080564146	5.11967679302651	2
539012	5.119733883475693	5.119735738721958	1
539297	5.119833783610886	5.1198374921425485	2
539583	5.120001927414318	5.120011193829309	5
539869	5.120092096415982	5.120093948717189	1
540155	5.119976673362276	5.119980376003184	2
540441	5.12007971267909	5.12008156301983	1
540726	5.120110740005105	5.120112589370587	1
541012	5.120202509371326	5.120206206146999	2
541298	5.120244301660084	5.120246149071306	1
541584	5.120252813967916	5.120256506839198	2
541870	5.120336981194751	5.120342517578017	3
542155	5.120290322878144	5.120295856351044	3
542441	5.120461027097878	5.120462870616343	1
542727	5.120649976876035	5.120653661970015	2
543013	5.120730074602266	5.120733757755339	2
543299	5.120880031069448	5.120898437140506	10
543584	5.120943589215282	5.120947268499441	2
543870	5.121008696931252	5.121010535605936	1
544156	5.121020442667176	5.121025955792089	3
544442	5.121079931379284	5.121083604865165	2
544728	5.121058583366377	5.1210640907021485	3
545013	5.1211383948639755	5.121143899319833	3
545299	5.121111536973293	5.12111520468587	2
545585	5.121220341468332	5.121222174363298	1
545871	5.121248426826118	5.121250258760769	1
546156	5.121309662440768	5.121311493419463	1
546442	5.121398062374415	5.121407212476347	5
546728	5.121294318198446	5.121297976324607	2
547014	5.121335102940693	5.121336931047469	1
547300	5.121375845057555	5.121379499360497	2
547585	5.121267017905896	5.121268844106394	1
547871	5.12127489865315	5.121278549147518	2
548157	5.121410471817381	5.121421417586568	6
548443	5.121522200119247	5.12152767014986	3
548729	5.121622877595316	5.121624699988519	1
549014	5.121601634930985	5.121603456378161	1
549300	5.121603859457491	5.121605679956308	1
549586	5.121744367578504	5.1217480066813925	2
549872	5.1217865248639685	5.121788343469025	1
550158	5.121795920444672	5.121801373423635	3
550443	5.121861845822365	5.121863662540899	1
550729	5.121903876498242	5.121911139598605	4
551015	5.1219694563668865	5.121978530530022	5
551301	5.121996876479455	5.121998690370596	1
551587	5.12205508831789	5.122058714219153	2
551872	5.122062724689783	5.122064536704163	1
552158	5.122128086525958	5.1221298976017735	1
552444	5.12215174750744	5.122153557645662	1
552730	5.122265844083006	5.122271271687804	3
553016	5.122350890390152	5.122352698656097	1
553301	5.122490290095264	5.12249209742979	1
553587	5.122566100721296	5.122567907122097	1
553873	5.122602112758701	5.122605723694782	2
554159	5.1225983878273205	5.122600192363564	1
554445	5.122621720819919	5.122627131636141	3
554730	5.122648856200314	5.1226542642366555	3
555016	5.122737002176514	5.122740605676233	2
555302	5.1227728335212195	5.122776435165009	2
555588	5.1227528312346555	5.122754631129542	1
555874	5.122874968068303	5.122876767037134	1
556159	5.1229396629381165	5.122941460985078	1
556445	5.12296273665861	5.122964533781416	1
556731	5.123021710664576	5.123023506864177	1
557017	5.123080624110216	5.123084214664902	2
557303	5.1231215335284395	5.123123327884472	1
557588	5.123211044714019	5.123212838152901	1
557874	5.123259015476613	5.123260807996071	1
558160	5.1233123118818975	5.123315895083847	2
558446	5.123361972330359	5.123363763013792	1
558732	5.123551183751781	5.12355297351861	1
559017	5.1236384582222	5.123642035930929	2
559303	5.123718270776306	5.123728998414098	6
559589	5.123830168212742	5.123835529290247	3
559875	5.123849073453896	5.123854431792811	3
560160	5.123919951442445	5.123927092259354	4
560446	5.124031574852885	5.124036927732556	3
560732	5.1240931496686475	5.124100283201244	4
561018	5.124190311184312	5.124206353450335	9
561304	5.124358636318288	5.124363981015635	3
561589	5.1244824952055685	5.124489617852202	4
561875	5.124533036707453	5.12453659621802	2
562161	5.124654680776503	5.124658238476166	2
562447	5.124729974557603	5.124733530448202	2
562733	5.124798083638244	5.124801637721619	2
563018	5.124825494033939	5.124829046318235	2
563304	5.124968045673384	5.1249751466348545	4
563590	5.125023509998403	5.125025284337905	1
563876	5.125160496279324	5.125162269718874	1
564162	5.125175038375502	5.125176810916013	1
564447	5.125235850310126	5.1252429368922146	4
564733	5.125305232738303	5.125308774234904	2
565019	5.125395783150655	5.125397553002642	1
565305	5.125364183936106	5.125380104545334	9
565591	5.125502350638536	5.125504118700616	1
565876	5.125564611328277	5.125569912843097	3
566162	5.125596560701707	5.125598326980617	1
566448	5.125605527780132	5.125609058554359	2
566734	5.125695652634216	5.125697417130435	1
567020	5.125711615110578	5.1257133787168	1
567305	5.125794766483637	5.125796529203868	1
567591	5.125801853799655	5.125819472119889	10
567877	5.1259638971115224	5.125965658056234	1
568163	5.126055374954018	5.126058895070605	2
568449	5.126095744736995	5.126104540600828	5
568734	5.126157395197052	5.126162670070719	3
569020	5.126201188007451	5.126204702822396	2
569306	5.126362623966725	5.126366137015946	2
569592	5.126439626961053	5.126450160816866	6
569878	5.1264007384036585	5.126414776496022	8
570163	5.1264252503231535	5.1264305119764	3
570449	5.126477564164369	5.126482823179636	3
570735	5.126631448921128	5.126634953174415	2
571021	5.126767667038515	5.1267711695366724	2
571307	5.126891496165809	5.126894996910592	2
571592	5.126934946605271	5.126941944603844	4
571878	5.127111027177126	5.127112775801832	1
572164	5.127141868415349	5.127143616165994	1
572450	5.127197135120971	5.127200628875884	2
572735	5.127252568814548	5.127259552847303	4
573021	5.1273042349233275	5.1273112154702885	4
573307	5.127373292145395	5.1273820134762005	5
573593	5.127480635223931	5.12748412201683	2
573879	5.127516427679005	5.127518170206612	1
574164	5.127602914846629	5.127606398171951	2
574450	5.1275463486813475	5.127549830272435	2
574736	5.127688190751928	5.127696890398374	5
575022	5.127739460403254	5.1277446775949445	3
575308	5.12779937007655	5.127806322874008	4
575593	5.1278785530748285	5.127882027752249	2
575879	5.127927915412786	5.127929651888678	1
576165	5.128022354707419	5.1280240903213485	1
576451	5.128024758392301	5.1280351669092425	6
576737	5.128080910362955	5.128082644255527	1
577022	5.128173622496196	5.128177088568547	2
577308	5.128220984292613	5.128222716470238	1
577594	5.12835140254227	5.128354865182118	2
577880	5.128322489098083	5.128327680487298	3
578166	5.128336844435681	5.128338574042749	1
578451	5.128384253808879	5.128389440073576	3
578737	5.12841065976428	5.128414115565447	2
579023	5.128347233184174	5.128348960231286	1
579309	5.128523810263607	5.128530715041541	4
579595	5.128620847315798	5.128622572658494	1
579880	5.128693867696765	5.128699041180934	3
580166	5.12874763429777	5.128751081586994	2
580452	5.128865091342609	5.128866814137948	1
580738	5.128813681901305	5.128815403848207	1
581024	5.1287984661563035	5.128801908354904	2
581309	5.128943470684266	5.1289572327282045	8
581595	5.1290090183031145	5.129017615350889	5
581881	5.128962794798249	5.128964513362698	1
582167	5.1290918241672925	5.129093541887466	1
582453	5.1291503348768055	5.129153768630259	2
582738	5.129179837251046	5.129183269325151	2
583024	5.129260545020445	5.129270836191992	6
583310	5.129375460732715	5.129378889441292	2
583596	5.129488550298494	5.129491977326781	2
583882	5.129536447432872	5.129543298132157	4
584167	5.129649569386836	5.129656416743842	4
584453	5.129657987896375	5.129659698897944	1
584739	5.129697181135515	5.129702311629633	3
585025	5.1298337677877015	5.129835477116362	1
585311	5.129920674649887	5.129927508623621	4
585596	5.129852321395638	5.1298608597053255	5
585882	5.129939134501487	5.129951082299849	7
586168	5.129952505083867	5.129955917074969	2
586454	5.130015312368916	5.1300170175324915	1
586739	5.130078280121144	5.13008168879178	2
587025	5.130137558025638	5.130142668540522	3
587311	5.130137184558096	5.13013888723351	1
587597	5.130242325947886	5.13024402779456	1
587883	5.130328653830779	5.130330354849519	1
588168	5.130423620462181	5.13043042124019	4
588454	5.1304995802560605	5.1305012796242355	1
588740	5.130565274994055	5.130578863335258	8
589026	5.130688628345777	5.1306937214995605	3
589312	5.130833921589922	5.130835618483927	1
589597	5.130841914053159	5.13085378656947	7
589883	5.130937830044263	5.130939525295695	1
590169	5.131013319913449	5.131015014343349	1
590455	5.131056558078092	5.131058251687258	1
590741	5.13112514621467	5.131130224582346	3
591026	5.1311228270837494	5.131127903002575	3
591312	5.131177787699218	5.131179478853803	1
591598	5.131121132931484	5.131124513605522	2
591884	5.131206452615715	5.131211521176446	3
592170	5.131323775267237	5.131332218788524	5
592455	5.1313230540716175	5.13132811774734	3
592741	5.131365976033377	5.131371037265855	3
593027	5.131464503302547	5.131467875830274	2
593313	5.13154102472051	5.1315494519756015	5
593599	5.131654534458447	5.131659588375317	3
593884	5.131774892066464	5.131781627388514	4
594170	5.131898278270529	5.131903327330562	3
594456	5.1319929481744655	5.131994630384755	1
594742	5.132116110851428	5.1321228364568166	4
595028	5.132136638948083	5.132138319541265	1
595313	5.1321624086824915	5.132167448048338	3
595599	5.13215435217319	5.132162747083188	5
595885	5.132161406982891	5.132168119687524	4
596171	5.132243936722853	5.132245614093943	1
596457	5.132274413746506	5.1322760903133	1
596742	5.132336922824269	5.132340274356422	2
597028	5.1324209249817425	5.13242427490838	2
597314	5.1324613185024965	5.132468015147812	4
597600	5.1325384872824635	5.13254016064257	1
597886	5.132665759024295	5.132672449262903	4
598171	5.132751336992265	5.132758024043292	4
598457	5.132768101968897	5.132771443896554	2
598743	5.132878380206533	5.132891741531843	8
599029	5.132868358627045	5.132870027995306	1
599314	5.132870248317243	5.132871916891646	1
599600	5.13288859239493	5.132890260173449	1
599886	5.132913586914847	5.132916920881634	2
600172	5.132881907186606	5.132883573375632	1
600458	5.132930196616583	5.132931862011998	1
600743	5.132967009186957	5.1329803260296	8
601029	5.133005229364972	5.13301188461788	4
601315	5.133216367461314	5.133224682570699	5
601601	5.1331796323476855	5.133189605735363	6
601887	5.133244280072505	5.133254248721105	6
602172	5.133426994280704	5.133428654935799	1
602458	5.133474864637867	5.133476524504613	1
602744	5.133534303120396	5.13354259851612	5
603030	5.133625192776479	5.133630167653351	3
603316	5.133686161149381	5.133692791174111	4
603601	5.133787054693415	5.133795338311235	5
603887	5.1338694159668945	5.133871071905837	1
604173	5.134007974537094	5.134011284847221	2
604459	5.134052102789436	5.134053757161363	1
604745	5.1340565031542225	5.134059810333281	2
605030	5.134153678330001	5.1341553311406045	1
605316	5.134245584124655	5.134247236154339	1
605602	5.134301075623925	5.134304378122926	2
605888	5.134308651103835	5.134316903454104	5
606174	5.134416850607251	5.13442179968128	3
606459	5.13451857421524	5.13452187204741	2
606745	5.134596906443399	5.1346034989987555	4
607031	5.13455490741	5.134559849496978	3
607317	5.134652907789507	5.134659494135682	4
607603	5.1347261287386665	5.134732711984634	4
607888	5.134939330929382	5.134940975969258	1
608174	5.134884095669989	5.134885739936268	1
608460	5.134945600368143	5.13495381783519	5
608746	5.134974192848905	5.134975835570172	1
609032	5.135081572068462	5.135083214018311	1
609317	5.13516117226337	5.135162813445218	1
609603	5.135242116590634	5.135243757002508	1
609889	5.135285273221848	5.135290192149719	3
610175	5.1353464170115135	5.1353513336337935	3
610461	5.135373103277687	5.135379655702821	4
610746	5.135386887511339	5.135393436878833	4
611032	5.135496995247385	5.13550190497388	3
611318	5.135543203373694	5.1355481108032155	3
611604	5.135687470977953	5.135694011157546	4
611889	5.13580240860679	5.135804042890132	1
612175	5.135809204884224	5.135812471923878	2
612461	5.135971106731694	5.135982536030865	7
612747	5.13595007401097	5.135953338000839	2
613033	5.135968210520478	5.135973104221143	3
613318	5.135895245207217	5.135896875682762	1
613604	5.135895463523706	5.135911760679527	10
613890	5.135908713287397	5.135916858069035	5
614176	5.135982194029073	5.135985450424634	2
614462	5.135985626450456	5.135993763650153	5
614747	5.136007170429461	5.13601042380036	2
615033	5.136069121494294	5.136070747423309	1
615319	5.136062757691539	5.136066008038107	2
615605	5.136131123041561	5.136140869551092	6
615891	5.136136102005063	5.136140972996845	3
616176	5.136167263898626	5.136168886811561	1
616462	5.136211153323319	5.136214397643326	2
616748	5.136287430198395	5.136289051606166	1
617034	5.1363668776761084	5.136373360301053	4
617320	5.136374975701419	5.136383075228407	5
617605	5.136498247261599	5.136499866419475	1
617891	5.136546737207695	5.13654835561612	1
618177	5.136614594201984	5.136622682500319	5
618463	5.136667836232725	5.136672686967531	3
618749	5.13668385726684	5.1366854734310685	1
619034	5.136711392266014	5.136714623106323	2
619320	5.136830717561196	5.136832332235355	1
619606	5.136882147687401	5.1368902173316595	5
619892	5.136904493040723	5.136906106224956	1
620178	5.1369800283144516	5.136991315396547	7
620463	5.1369815766613	5.1369848000606	2
620749	5.137106946608049	5.137115001393478	5
621035	5.137167792475465	5.137171012905875	2
621321	5.137154546522651	5.137157765470667	2
621607	5.137315055975882	5.137318273442867	2
621892	5.1373952390447215	5.137396847040965	1
622178	5.137439768040657	5.137446197069006	4
622464	5.137463371375694	5.1374665844129135	2
622750	5.137527097551184	5.137535126455239	5
623036	5.137534588691504	5.137549034084707	9
623321	5.137622509108469	5.137624113418287	1
623607	5.13775663198136	5.137758235555406	1
623893	5.137786447355556	5.137796064389247	6
624179	5.1377553554349	5.137758559643948	2
624465	5.137804360532616	5.137807563274163	2
624750	5.137855142056822	5.1378647458983595	6
625036	5.137860859214509	5.137868858753736	5
625322	5.13794972829998	5.137952926652189	2
625608	5.13812962749837	5.138137619723533	5
625893	5.13816099556953	5.138165788721075	3
626179	5.138203293307504	5.138209681257276	4
626465	5.1382870551427455	5.1382886514011155	1
626751	5.138367549473395	5.138377122653175	6
627037	5.138387367890571	5.138392152297233	3
627322	5.138388259936683	5.138391448092048	2
627608	5.138451071369389	5.138459038125709	5
627894	5.138528159211587	5.138536122339121	5
628180	5.13854786844535	5.138552644146582	3
628466	5.138661439123198	5.13867257735502	7
628751	5.13873218491899	5.138735365828444	2
629037	5.1388630557502974	5.138866235213509	2
629323	5.138834906717219	5.138838084735501	2
629609	5.13891478679625	5.138916375083584	1
629895	5.138924741425158	5.138929504123703	3
630180	5.138969818147196	5.1389729918436	2
630466	5.139040011673905	5.139041597802261	1
630752	5.139034041905535	5.139035627314698	1
631038	5.139080372338908	5.13908354172015	2
631324	5.139144084495442	5.139145668468172	1
631609	5.139171544420678	5.139173127678674	1
631895	5.139225662491395	5.1392335751984115	5
632181	5.1392180404029855	5.139233858657568	10
632467	5.139229398529884	5.139230979640044	1
632753	5.1392265228296035	5.139229683620623	2
633038	5.139372359953115	5.139378678689115	4
633324	5.139528898320607	5.139533635232519	3
633610	5.139510108741971	5.139516421773647	4
633896	5.13959229905221	5.139598609235584	4
634182	5.139709105587986	5.1397122592568065	2
634467	5.13967156684272	5.139673142968823	1
634753	5.139772478428617	5.139777204676465	3
635039	5.1398591267622935	5.139860701468729	1
635325	5.139876441191516	5.1398827371817575	4
635611	5.139862274252648	5.139863847541972	1
635896	5.139914388516361	5.139917533684754	2
636182	5.139930082900805	5.139937942286956	5
636468	5.139999182991132	5.140002325332931	2
636754	5.140022677517535	5.140025818447941	2
637040	5.14008382519151	5.140085394951651	1
637325	5.140068254030518	5.140071392146864	2
637611	5.1401465783996825	5.140148146754055	1
637897	5.140115096951389	5.140116664602592	1
638183	5.140226236048281	5.140227802996946	1
638468	5.140343760376401	5.14034532662561	1
638754	5.140392075822617	5.140398338014322	4
639040	5.140437218327492	5.140440348022033	2
639326	5.140548014627905	5.140552707069633	3
639612	5.140633696678611	5.140638387022133	3
639897	5.140660137490878	5.140667951248404	5
640183	5.1406629042008305	5.140667590360882	3
640469	5.140774963347172	5.14077808605881	2
640755	5.140852587962637	5.140854148621548	1
641041	5.140905183911793	5.14091298372491	5
641326	5.140970426896773	5.140971986166162	1
641612	5.140969931983816	5.140971490558156	1
641898	5.141002152990039	5.141005268749864	2
642184	5.141023444993958	5.141029673738368	4
642470	5.141091412828614	5.141097638800256	4
642755	5.141109754105375	5.141117533119151	5
643041	5.141194729418498	5.1411978396400855	2
643327	5.141178591913599	5.141181700752495	2
643613	5.141164022479347	5.141168683665494	3
643899	5.141196057145608	5.141199163222804	2
644184	5.141298138420079	5.1413027954745845	3
644470	5.14132853352367	5.141330085186277	1
644756	5.141375962379567	5.141377513353889	1
645042	5.141561324688935	5.141564425262231	2
645328	5.14156986834602	5.141572967545186	2
645613	5.141657618418464	5.141659167333991	1
645899	5.141752812746265	5.141755909205619	2
646185	5.141753522598018	5.141767450497922	9
646471	5.14181146563419	5.141814559353784	2
646757	5.141839980085257	5.141841526261023	1
647042	5.142001601132539	5.142004692121995	2
647328	5.142096433338277	5.142099522962084	2
647614	5.142172652228025	5.142175740487389	2
647900	5.142143849359469	5.1421453928075325	1
648186	5.142201466862907	5.142203009629952	1
648471	5.1421713538462015	5.142185232647258	9
648757	5.1422874820618505	5.142292106289412	3
649043	5.142454352022901	5.142457433482836	2
649329	5.1424609096467275	5.142463989749419	2
649615	5.142490552096242	5.142493630842884	2
649900	5.142505000769349	5.142509616864133	3
650186	5.142459234742058	5.1424623107849134	2
650472	5.142656409499564	5.1426594841899425	2
650758	5.142721257364489	5.1427243307035795	2
651044	5.142732288447478	5.142741504414448	6
651329	5.1427204991640165	5.142726640453596	4
651615	5.142814391933888	5.142815926582414	1
651901	5.142935813873579	5.14293734784883	1
652187	5.142965131166368	5.142966664468933	1
652472	5.143028359837664	5.143034490368936	4
652758	5.143154124499431	5.143158720383358	3
653044	5.143282841584947	5.14328743545611	3
653330	5.143284404512268	5.143287465752376	2
653616	5.143305855425816	5.143307385376123	1
653901	5.143370326700831	5.143371855984316	1
654187	5.143455923153471	5.143457451768378	1
654473	5.143486438707174	5.143489494601	2
654759	5.143469581937782	5.143472636496788	2
655045	5.143516857620469	5.14351991084582	2
655330	5.143550577571605	5.143553629469123	2
655616	5.143574897500976	5.143576422784069	1
655902	5.143596146985373	5.143599196221387	2
656188	5.143661572598097	5.1436661444586	3
656474	5.143818338578527	5.143819861868101	1
656759	5.14384728644754	5.1438488090760845	1
657045	5.143894253818232	5.143895775784003	1
657331	5.1439716063900836	5.143973127693658	1
657617	5.144097552222647	5.144102114148509	3
657903	5.144051630711518	5.144054670673336	2
658188	5.144127513719485	5.144132071687724	3
658474	5.144131734890064	5.144133253552912	1
658760	5.144189082518672	5.144193636529237	3
659046	5.144293418061865	5.1442979700961695	3
659332	5.144355195864906	5.144356712551492	1
659617	5.144391366505109	5.144392882536381	1
659903	5.1444272870406715	5.144431833163359	3
660189	5.144460147018505	5.14446166173626	1
660475	5.144496006661872	5.144499034785571	2
660761	5.144586317897091	5.144587831303603	1
661046	5.144779637120563	5.144781149874593	1
661332	5.144772973332608	5.144779021731899	4
661618	5.144850956291999	5.144857002076727	4
661904	5.144990814377916	5.144992325171022	1
662190	5.1450656156088135	5.145074676452378	6
662475	5.145229631306842	5.145231140797766	1
662761	5.145218261183142	5.145219770022678	1
663047	5.145136015998866	5.145137524187576	1
663333	5.145203088041753	5.145206103118645	2
663619	5.1452459920526685	5.145249005830152	2
663904	5.145242384441124	5.145245396924857	2
664190	5.1453499751577105	5.14535148075099	1
664476	5.1453987803923695	5.145403295228119	3
664762	5.145370824445441	5.1453783459343345	5
665047	5.145487461788415	5.145490469094666	2
665333	5.145448970665817	5.145459491713172	7
665619	5.145446569283629	5.14544957400555	2
665905	5.145492224866911	5.145495228298331	2
666191	5.145464288770038	5.145465789841052	1
666476	5.1455296214717405	5.145531121900864	1
666762	5.145569183606744	5.1455706833922745	1
667048	5.145640193809141	5.145643192094123	2
667334	5.145583770645584	5.145594260145594	7
667620	5.145678679488332	5.145680177346395	1
667905	5.1457033560162	5.145704853235116	1
668191	5.145663440543198	5.145664937121272	1
668477	5.14574173830962	5.145743234247401	1
668763	5.145757166589659	5.145761652483765	3
669049	5.1458084534914486	5.145809948150285	1
669334	5.145880830795985	5.145882324818402	1
669620	5.145914100534632	5.145917087303246	2
669906	5.14592942890495	5.145932414398438	2
670192	5.145941759973262	5.145944744192709	2
670478	5.145966012307637	5.145968995254132	2
670763	5.146088857018053	5.146090347857589	1
671049	5.146133888881438	5.146138359493867	3
671335	5.146168455391123	5.146171434529705	2
671621	5.1461717248269485	5.146182147371807	7
671907	5.14626131294956	5.146262801250768	1
672192	5.1462707083690375	5.146272196039227	1
672478	5.146337872763124	5.146339359800618	1
672764	5.146498623588658	5.1465015963993315	2
673050	5.146510660426417	5.146513631973851	2
673336	5.146599914455784	5.146607340168949	5
673621	5.14664922857215	5.1466536821150175	3
673907	5.146702734947107	5.146705702715656	2
674193	5.146848157723382	5.146849640978177	1
674479	5.146950461022508	5.146951943648356	1
674765	5.146988951709114	5.1469904337065495	1
675050	5.147008369750389	5.147011332493889	2
675336	5.147116398355782	5.147119359844581	2
675622	5.147169571150732	5.147172531385893	2
675908	5.147135408960983	5.147136888452274	1
676194	5.147213669449892	5.147216627180957	2
676479	5.147297994468417	5.1472994727109045	1
676765	5.147374642601198	5.14738794116126	9
677051	5.147415778131928	5.147418732119146	2
677337	5.147508551872996	5.1475159337228	5
677623	5.14753631444033	5.147543693174523	5
677908	5.1475524702467	5.147556895625955	3
678194	5.147596410466622	5.147599359475312	2
678480	5.147647683056244	5.14764915693904	1
678766	5.147672393726262	5.147673866988034	1
679051	5.147688465225734	5.147689937869173	1
679337	5.147799987340599	5.147804403410973	3
679623	5.147845202413691	5.14784667381769	1
679909	5.14787861316735	5.147883025522533	3
680195	5.147920816824587	5.147925227324517	3
680480	5.148008758523395	5.1480102280743	1
680766	5.148119911981503	5.148122849848553	2
681052	5.148110570117994	5.148112038434657	1
681338	5.148203975119544	5.148206910520182	2
681624	5.148206342499678	5.148212210837647	4
681909	5.148245587021142	5.148248519963808	2
682195	5.1482713886791895	5.148277252105337	4
682481	5.148329404042017	5.148332334526529	2
682767	5.148409340228804	5.148410804857294	1
683053	5.148569730313753	5.148571194328991	1
683338	5.148626302064279	5.148627765468919	1
683624	5.148605081155723	5.14860946953296	3
683910	5.1485751049114645	5.14858095363425	4
684196	5.1486153090634845	5.14861969377196	3
684482	5.148719761805277	5.148721222764076	1
684767	5.148672468153401	5.148679769907137	5
685053	5.14876659178195	5.148772430746234	4
685339	5.148768711542755	5.148773088938467	3
685625	5.148811668185962	5.148813126709207	1
685911	5.148864794412103	5.148867710242291	2
686196	5.148874374085538	5.148875831395111	1
686482	5.149010462036878	5.149011918739311	1
686768	5.149044509936398	5.149056158702793	8
687054	5.149148392993855	5.149151303973196	2
687340	5.1492652835569	5.1492667384409465	1
687625	5.149287765860753	5.149290674422832	2
687911	5.149336178662646	5.149341993368328	4
688197	5.149343865201389	5.149348224418299	3
688483	5.14939802435209	5.149400929289467	2
688769	5.149456494122123	5.149460849718846	3
689054	5.149457081738151	5.1494585330032185	1
689340	5.149509675921896	5.14951112658485	1
689626	5.149476672863262	5.149481023047275	3
689912	5.1494668885307116	5.149471236911374	3
690198	5.149590407390343	5.149604895986369	10
690483	5.149585145470635	5.149588041993793	2
690769	5.149624548872343	5.149627444196251	2
691055	5.1497174609835685	5.149718908046393	1
691341	5.1497611164389205	5.149764009367302	2
691626	5.149854111904411	5.149859895376982	4
691912	5.149946814045717	5.149948259316214	1
692198	5.150074111742594	5.150075556415938	1
692484	5.1500843340784765	5.150085778155163	1
692770	5.150108982779277	5.150113313220838	3
693055	5.150217515204421	5.150221843865205	3
693341	5.150397856177552	5.150402183052783	3
693627	5.150490104912294	5.150492988306395	2
693913	5.150560661062698	5.15056498437124	3
694199	5.150655647732134	5.150657088241268	1
694484	5.150694616434648	5.150700376106577	4
694770	5.150756365415893	5.150760683391626	3
695056	5.150851154439355	5.150854031905343	2
695342	5.150937236640387	5.150942989205312	4
695628	5.150947057910263	5.150949933010172	2
695913	5.150951340181891	5.150955651065579	3
696199	5.150942474780917	5.15094391115184	1
696485	5.150975254312727	5.150976690093828	1
696771	5.1510180532771885	5.151022358852478	3
697057	5.151135416472398	5.151136851075306	1
697342	5.1511467830705735	5.151149651103762	2
697628	5.151305566863716	5.1513070002924195	1
697914	5.1514441607418675	5.151447026424459	2
698200	5.15149957032369	5.151509596104268	7
698486	5.1515950212316355	5.151597884567479	2
698771	5.151699197591199	5.1517006286752025	1
699057	5.151727255431245	5.151730116428274	2
699343	5.151752430495479	5.151753860408983	1
699629	5.151794736924856	5.1517961662538285	1
699915	5.151849867483909	5.151857011208504	5
700200	5.151908026278206	5.151909454441588	1
700486	5.151947362259917	5.1519502174204765	2
700772	5.151983812138613	5.151985239136267	1
701058	5.152065877573611	5.152073009651128	5
701344	5.152120785235206	5.1521264885705165	4
701629	5.152184416550627	5.152185841805284	1
701915	5.152259176680937	5.152260601354865	1
702201	5.15219858701426	5.15220001110793	1
702487	5.15218929318265	5.152192140210424	2
702773	5.152262537120806	5.15227249766283	7
703058	5.1523288263557205	5.15233878286002	7
703344	5.152326599786164	5.152329443344935	2
703630	5.152402541108253	5.15240538351122	2
703916	5.152484103216861	5.152485523840912	1
704201	5.15245363184659	5.152464992239431	8
704487	5.152550721305007	5.152552140777615	1
704773	5.152568273756231	5.152571111549393	2
705059	5.1526553096974865	5.152659564660546	3
705345	5.152718173376149	5.152726679851704	6
705630	5.152767030880207	5.152772699573431	4
705916	5.152883629213674	5.1528878790111	3
706202	5.152937827986893	5.152940660037779	2
706488	5.152997644687525	5.1529990601397335	1
706774	5.153078636169412	5.153081465928288	2
707059	5.153130078253724	5.153138564108511	6
707345	5.153137436470181	5.1531416776820365	3
707631	5.153175878388595	5.153184357384004	6
707917	5.153219939625691	5.15322135222067	1
708203	5.15335433484467	5.153357158893707	2
708488	5.1533589842029786	5.153360395659489	1
708774	5.153424081583128	5.153431136017969	5
709060	5.153480664541788	5.15348630581333	4
709346	5.153451207168293	5.153458255914603	5
709632	5.153462639790765	5.153464048971862	1
709917	5.153515129233417	5.153516537848791	1
710203	5.153550463740649	5.153556095933134	4
710489	5.153661773792416	5.153664588755069	2
710775	5.153697020857515	5.153699834687489	2
711061	5.153690049095648	5.153691455444751	1
711346	5.153763428767435	5.153766240338738	2
711632	5.153819670841109	5.153822481282461	2
711918	5.153929244660199	5.153936267940971	5
712204	5.153937635845909	5.153939039937995	1
712490	5.1538968967985515	5.153898300327022	1
712775	5.153926554663112	5.153927957630389	1
713061	5.154034507566674	5.1540359099712365	1
713347	5.154054057842817	5.154059665212022	4
713633	5.154160471839167	5.154164675680637	3
713919	5.154272403451932	5.15427520489019	2
714204	5.154251446365464	5.154257047006178	4
714490	5.154185502946158	5.154186902545872	1
714776	5.154260915307733	5.154267910506229	5
715062	5.154388011109527	5.15439080806979	2
715348	5.154426936260394	5.1544283341814054	1
715633	5.154435304129351	5.154439496222226	3
715919	5.154534242002238	5.154535638808301	1
716205	5.154552118457704	5.154553514705985	1
716491	5.154546253895722	5.154547649586666	1
716777	5.154582248035302	5.154583643169354	1
717062	5.1545989049761385	5.1546058778738795	5
717348	5.154549814037259	5.154551208060802	1
717634	5.154645682896852	5.154648469832812	2
717920	5.154751225763317	5.154752618676175	1
718205	5.154819306465424	5.154824875905904	4
718491	5.154860673272178	5.154863456883941	2
718777	5.154893659646873	5.154897833403128	3
719063	5.154996154718015	5.155000326814201	3
719349	5.155054083622831	5.155056863914456	2
719634	5.155146921907525	5.155148311502792	1
719920	5.155215857317479	5.155220024447161	3
720206	5.155254191161973	5.1552583566368515	3
720492	5.155174519633806	5.155178683455195	3
720778	5.155186479054577	5.155187866444314	1
721063	5.155201417906619	5.1552069652721055	4
721349	5.155254945941563	5.15525633223308	1
721635	5.155297345611008	5.155298731353108	1
721921	5.155317548596037	5.155318933789154	1
722207	5.155390352073574	5.155394506007281	3
722492	5.1555076042364485	5.155508988334819	1
722778	5.155664671586573	5.155666055137262	1
723064	5.155625228195568	5.155627994202449	2
723350	5.155618994954033	5.155625907237161	5
723636	5.1557122641770174	5.155715027997502	2
723921	5.15574627618207	5.155753183013063	5
724207	5.155792473698818	5.155793854519495	1
724493	5.155851057222085	5.15585243749767	1
724779	5.155788178189489	5.155790937651339	2
725065	5.155824650203775	5.155826029390468	1
725350	5.1558902598745435	5.155891638519336	1
725636	5.156030020561273	5.156032776764108	2
725922	5.1560277825992324	5.156031915274644	3
726208	5.1560751189741785	5.156082004053935	5
726494	5.156119665131439	5.1561210416052985	1
726779	5.156163015166921	5.156168518903271	4
727065	5.1562226210861475	5.156225371871841	2
727351	5.156201063860502	5.156202438712533	1
727637	5.156281222642609	5.156283971265892	2
727923	5.156302246254068	5.156306367569098	3
728208	5.15630286950981	5.156305615977852	2
728494	5.156393875584425	5.156395248279327	1
728780	5.156364060484646	5.156372293421883	6
729066	5.156438511739678	5.15644399821141	4
729352	5.156523873246389	5.156529357566717	4
729637	5.1565874537612535	5.156588824305785	1
729923	5.156652140020249	5.156654880035291	2
730209	5.156685277776637	5.156690755660366	4
730495	5.1567676712366275	5.15676904017139	1
730780	5.1569131612797285	5.156914529680615	1
731066	5.156939318748239	5.156940686613794	1
731352	5.156984598387644	5.156985965718286	1
731638	5.157098182434483	5.157100916026779	2
731924	5.157066853935654	5.157073685246009	5
732209	5.157102685162297	5.1571081480834025	4
732495	5.157094587676366	5.157098683267463	3
732781	5.157089225839644	5.157094684496459	4
733067	5.157101601899963	5.157104330163546	2
733353	5.157274873082949	5.157278963882332	3
733638	5.157381433349963	5.157384159490102	2
733924	5.157461808034619	5.15746317057352	1
734210	5.157501259857534	5.157502621865679	1
734496	5.15761964666928	5.1576305384917	8
734782	5.157649479709628	5.157650840657501	1
735067	5.157669981103763	5.157674062364383	3
735353	5.157712010422205	5.157713370313306	1
735639	5.157762163234956	5.157764881959766	2
735925	5.157825865407481	5.157832659578082	5
736211	5.157867785186584	5.157870501799077	2
736496	5.1579397579891815	5.157946546892312	5
736782	5.157942240717064	5.157944955224205	2
737068	5.157986780052858	5.1579894935067045	2
737354	5.158044846844256	5.158050271646998	4
737640	5.158093378884009	5.158094734558864	1
737925	5.158238303350611	5.158239658501881	1
738211	5.158289432154222	5.158290786780474	1
738497	5.15832020983159	5.158322918034874	2
738783	5.158395631734893	5.158398338889769	2
739069	5.158411460905545	5.158412813959184	1
739354	5.158447780089105	5.15845183768533	3
739640	5.158464928884322	5.158466280893408	1
739926	5.158437465368158	5.158438816854659	1
740212	5.15853160986312	5.15853971564903	6
740498	5.158562210836491	5.158568963049191	5
740783	5.158617300882985	5.1586186508059715	1
741069	5.1586626886295335	5.158668086237584	4
741355	5.158751205562787	5.1587539033256675	2
741641	5.158766842717703	5.158769539440241	2
741927	5.158888947295354	5.158891642978352	2
742212	5.158966710319962	5.158968057643908	1
742498	5.158910865753174	5.158918946583021	6
742784	5.159039505428227	5.159051622005859	9
743070	5.159040198097084	5.159044235401779	3
743356	5.159073176243953	5.15907721199533	3
743641	5.159154753436134	5.159164166580379	7
743927	5.1592669710872165	5.15926831530513	1
744213	5.15929713670683	5.159298480408163	1
744499	5.159359515593708	5.159360858778856	1
744784	5.159459655416873	5.159465026101527	4
745070	5.159511186868348	5.159512529024118	1
745356	5.159589511589093	5.159590853229866	1
745642	5.15969191649612	5.1596945987484615	2
745928	5.159684312695059	5.159686993918984	2
746213	5.159702390604291	5.15970775100407	4
746499	5.159775163797942	5.159783201317081	6
746785	5.159734060003883	5.159739416297864	4
747071	5.159773301332805	5.159774639893665	1
747357	5.159777723363801	5.159779061412418	1
747642	5.159744904646876	5.159746242185431	1
747928	5.159808163352622	5.1598095003797155	1
748214	5.1598299417011715	5.159835287765265	4
748500	5.159910487641951	5.159917167668671	5
748786	5.159920190815534	5.159921526310588	1
749071	5.1599634747574	5.159967479718211	3
749357	5.160017188069238	5.160018522546664	1
749643	5.159977482615058	5.159978816583361	1
749929	5.159995146207175	5.160005813883714	8
750215	5.159956812380451	5.159962144185333	4
750500	5.1600346435709525	5.160038640906063	3
750786	5.160068248475597	5.160070912350523	2
751072	5.159999307656257	5.160001970516808	2
751358	5.160042216892613	5.160044878739562	2
751644	5.160142301408645	5.160143631825704	1
751929	5.160164058042714	5.160165387955511	1
752215	5.160234773302846	5.160236102709996	1
752501	5.1602868301836144	5.160292145791169	4
752787	5.160340175906332	5.160341504303342	1
753073	5.160353644334613	5.160369579044794	12
753358	5.160381916698303	5.160385898868798	3
753644	5.160436492561475	5.1604378194479095	1
753930	5.1605255129786585	5.1605281657448305	2
754216	5.160541542475896	5.160545520116253	3
754502	5.160609249544732	5.160613225677334	3
754787	5.160585701661528	5.160588351415697	2
755073	5.160658638303846	5.160659962679105	1
755359	5.160673269266667	5.16067459314048	1
755645	5.160683919036055	5.160694506018038	8
755931	5.160771287326488	5.16077261019855	1
756216	5.160705406920774	5.160706729294276	1
756502	5.160804598005028	5.160815172993594	8
756788	5.160862751523545	5.160864072897562	1
757074	5.160919540229885	5.160920861104727	1
757359	5.160991022751429	5.160994983884789	3
757645	5.160997564822575	5.161005484098753	6
757931	5.161084584216769	5.161085903598085	1
758217	5.1611491169414565	5.161153073592389	3
758503	5.161174049410484	5.161183278114918	7
758788	5.161218943894737	5.161220261785901	1
759074	5.16121880080203	5.161220118196645	1
759360	5.1612621154656555	5.1612660661609775	3
759646	5.161333041969549	5.16133830758011	4
759932	5.161310485675034	5.161311801582247	1
760217	5.161399968693149	5.161406545762591	5
760503	5.16150889608588	5.16151152592429	2
760789	5.161513902014882	5.161519159714454	4
761075	5.161479486252998	5.161487369838715	6
761361	5.161476618844412	5.161477932281795	1
761646	5.16155405529603	5.161559307079667	4
761932	5.161742780195608	5.161745405101768	2
762218	5.161821158776098	5.161825094657959	3
762504	5.161819478979782	5.161822101916842	2
762790	5.161870239515463	5.16187417244589	3
763075	5.161931658093897	5.16193296858107	1
763361	5.1619574487038244	5.1619600686962	2
763647	5.1620500047796956	5.162052623790835	2
763933	5.162122856323788	5.162124165339107	1
764219	5.162134152644726	5.162135461170162	1
764504	5.162182277659764	5.162184893735023	2
764790	5.1623426038520375	5.1623452189489925	2
765076	5.162353805373584	5.162356419492966	2
765362	5.16243424680086	5.1624368599434	2
765648	5.1625681775437275	5.162570789710154	2
765933	5.162626496051221	5.162627801648447	1
766219	5.162697609952246	5.16270022017204	2
766505	5.162767366161995	5.1627725846537205	4
766791	5.162792729700792	5.162799250382438	5
767077	5.162930188234037	5.162931491884127	1
767362	5.16291268006495	5.162915286396772	2
767648	5.162927539705699	5.162932750427279	4
767934	5.16299708047827	5.162999684868752	2
768220	5.163023613027518	5.163030121579756	5
768506	5.163133404293525	5.163136006745556	2
768791	5.16320690538781	5.163209506875081	2
769077	5.163243732422111	5.163245032682033	1
769363	5.163305227831335	5.16331042693761	4
769649	5.1633653782438484	5.163367976830997	2
769934	5.163358157971982	5.163359456784607	1
770220	5.163370205915193	5.163374100906235	3
770506	5.163339415916294	5.163345905158429	5
770792	5.163450061754663	5.163453953855256	3
771078	5.1634763279460705	5.163478921717388	2
771363	5.163533900381532	5.163536493194514	2
771649	5.163592514213068	5.163604177547045	9
771935	5.163745652159832	5.163746947605692	1
772221	5.163796374353974	5.1637976693200525	1
772507	5.163891071537216	5.163892366023868	1
772792	5.163905682253439	5.163906976262695	1
773078	5.1639226572221695	5.1639239507527055	1
773364	5.163974532044419	5.163979704253107	4
773650	5.164120726426678	5.16412201900084	1
773936	5.164114345372227	5.16411822166174	3
774221	5.164082348580057	5.164087515063528	4
774507	5.164157328468303	5.164158619612218	1
774793	5.16423612500371	5.164239997005652	3
775079	5.164343247591535	5.164352278928987	7
775365	5.164409020267874	5.164412889413373	3
775650	5.164472378005544	5.164474956488107	2
775936	5.164489081573738	5.164490370339822	1
776222	5.164464547513469	5.164470988969651	5
776508	5.164514724896589	5.164526315247235	9
776794	5.164609922321748	5.164613784349519	3
777079	5.164637057493511	5.164638344363958	1
777365	5.164672965723952	5.164676824914937	3
777651	5.164683129064323	5.164685700912106	2
777937	5.164727992112472	5.164729277563607	1
778223	5.16475868741993	5.164759972398657	1
778508	5.164819115538954	5.164822969063902	3
778794	5.1648227901088095	5.16482535818201	2
779080	5.164904759459875	5.164907326590337	2
779366	5.164901984433501	5.164904550621916	2
779652	5.164955646878351	5.164960777372468	4
779937	5.165019738773773	5.165023585238295	3
780223	5.16507460046679	5.165075882151641	1
780509	5.165169139625552	5.165170420840759	1
780795	5.165208537452212	5.165211098944025	2
781081	5.165229982549826	5.165235103657623	4
781366	5.165268260968611	5.1652759398284545	6
781652	5.165292227231555	5.165296065256662	3
781938	5.165326406952981	5.165328964700526	2
782224	5.165346499212502	5.165347777618687	1
782510	5.165387023808003	5.165397247319523	8
782795	5.165497991172657	5.165499268646325	1
783081	5.16547074951378	5.1654720265208836	1
783367	5.165534162148775	5.1655367152305365	2
783653	5.165612841397914	5.165614117472912	1
783938	5.16562661843156	5.165629169653722	2
784224	5.16566822744522	5.165670777736973	2
784510	5.16567666441473	5.165677939095741	1
784796	5.165714402214078	5.165715676430563	1
785082	5.165828537655939	5.1658323589128265	3
785367	5.165783640005246	5.16578618658538	2
785653	5.165789477033754	5.1657907498603075	1
785939	5.165837297805555	5.165841114895685	3
786225	5.165834207764953	5.165836751566028	2
786511	5.165940463642594	5.1659430065186625	2
786796	5.165984575417262	5.165988388349712	3
787082	5.166088158540025	5.166089429055677	1
787368	5.166109112892574	5.166112923055039	3
787654	5.166140208771872	5.166145287143848	4
787940	5.1661890499276595	5.166194126456329	4
788225	5.166267246027466	5.1662697833740365	2
788511	5.166266545425492	5.166267813638617	1
788797	5.166339375022978	5.166344446036179	4
789083	5.166332312316955	5.16633611419838	3
789369	5.166312586382287	5.166317653720883	4
789654	5.166418456691159	5.166420989446011	2
789940	5.166535433070866	5.16654429450338	7
790226	5.166554884298922	5.166556149759689	1
790512	5.166602151516991	5.166604681522861	2
790798	5.166634210000531	5.166635474545965	1
791083	5.166644966457375	5.166646230547237	1
791369	5.166620122850402	5.166623913749465	3
791655	5.166698877667671	5.1667014040206904	2
791941	5.166679083416567	5.166682871577555	3
792227	5.166722416681077	5.166726203474509	3
792512	5.166733122022127	5.1667369074537675	3
792798	5.166863438101509	5.166868483522915	4
793084	5.166857482940016	5.166860004740986	2
793370	5.166899429017986	5.166901949909878	2
793656	5.166916145030089	5.166919925005292	3
793941	5.166998555308266	5.16700107438714	2
794227	5.167108395962363	5.1671109141341205	2
794513	5.167142639579214	5.167143898211861	1
794799	5.16721460394389	5.167222153022337	6
795085	5.167287774263129	5.167290289717451	2
795370	5.167279379408326	5.167281893961301	2
795656	5.1673386488633275	5.167341162512442	2
795942	5.167396619351662	5.167402901216421	5
796228	5.1674959936098706	5.167498505453212	2
796513	5.167609317110958	5.167610572583247	1
796799	5.167628222424978	5.167631987489944	3
797085	5.167702315311416	5.16770356988276	1
797371	5.167728698435233	5.167732460799302	3
797657	5.1677538089680155	5.167756316311397	2
797942	5.1677327424800295	5.167733995703949	1
798228	5.167747811402256	5.1677503169520485	2
798514	5.167757860225368	5.1677628695301525	4
798800	5.167762894341513	5.167765398097146	2
799086	5.167811724895693	5.167815479184969	3
799371	5.167834459844053	5.167836961811224	2
799657	5.167893234224174	5.167896985832676	3
799943	5.167915713994622	5.16791821417276	2
800229	5.167959421615563	5.167961920900142	2
800515	5.168026832726432	5.168029331118093	2
800800	5.1681106393606395	5.168115634365634	4
801086	5.168125519607133	5.168126767912558	1
801372	5.168233978726484	5.168236474446324	2
801658	5.168286226794968	5.168289969039166	3
801944	5.168322226988418	5.168325967898008	3
802229	5.16836589053749	5.1683671370643545	1
802515	5.168368192494844	5.168373176825355	4
802801	5.168344334399185	5.168345580037892	1
803087	5.168392714612489	5.1683939598075925	1
803373	5.1683962493138305	5.168399983569276	3
803658	5.168460962250111	5.1684684281124555	6
803944	5.168435861204263	5.168439592807459	3
804230	5.168410778011266	5.168418238563595	6
804516	5.168456562703539	5.1684602916536155	3
804802	5.168561956853984	5.168563199395628	1
805087	5.16861407524901	5.168617801554366	3
805373	5.168652289063576	5.168656014045665	3
805659	5.168758742842815	5.168764948942418	5
805945	5.168747247020578	5.168748487800036	1
806231	5.168792814962461	5.168795295641075	2
806516	5.1688013628991865	5.168805082602205	3
806802	5.168830766408611	5.168835724254526	4
807088	5.168898558769304	5.168899797791567	1
807374	5.16898116610146	5.168982404684818	1
807660	5.169030285020924	5.169035237599981	4
807945	5.169023881576098	5.169027594700134	3
808231	5.169060577978326	5.169065527058477	4
808517	5.16914548488158	5.169146721713953	1
808803	5.1692426956873305	5.1692525868474775	8
809089	5.169306466902899	5.169308938818844	2
809374	5.169400054857211	5.169408703516545	7
809660	5.169450139564756	5.169451374651088	1
809946	5.16947796519768	5.169479199847891	1
810232	5.169598337266363	5.169599571480761	1
810517	5.16958435171625	5.169585585496664	1
810803	5.169589900382707	5.169592367073136	2
811089	5.16960407550836	5.169606541329004	2
811375	5.169661377291635	5.169665074718841	3
811661	5.169749439729148	5.169755599936427	5
811946	5.169763752761884	5.16976621597988	2
812232	5.169856641944666	5.169861566645983	4
812518	5.169897774572378	5.169901466798274	3
812804	5.1699487207248	5.169951181342611	2
813090	5.169967654257216	5.169970114009519	2
813375	5.169975718457046	5.169981865683111	5
813661	5.170091721245089	5.170092950258154	1
813947	5.170135156220245	5.170141299126356	5
814233	5.17010855615039	5.170112240599435	3
814519	5.170134766653693	5.1701359943721386	1
814804	5.170256896136985	5.170260578004036	3
815090	5.170312480830337	5.170313707688721	1
815376	5.170322648692137	5.17032387512019	1
815662	5.17033893941363	5.170341391409677	2
815948	5.170460617588375	5.170463068724968	2
816233	5.170533413865893	5.170535864146634	2
816519	5.170601051537074	5.170610849227024	8
816805	5.170595184897252	5.170597633462087	2
817091	5.170615023296059	5.170619918711624	4
817377	5.170747402973169	5.170751073250165	3
817662	5.170746592112633	5.170751484109571	4
817948	5.170755353641063	5.170757798784275	2
818234	5.170814216959941	5.170816661248494	2
818520	5.170831500757465	5.170833944191957	2
818806	5.170813355056021	5.17081701892756	3
819091	5.170800314006624	5.170802755737763	2
819377	5.170838332049838	5.170841993368132	3
819663	5.17085802335838	5.170869003480699	9
819949	5.170944778272795	5.170948437036937	3
820235	5.171007089431687	5.171008308594488	1
820520	5.171004972456491	5.171008628674499	3
820806	5.171047726259311	5.1710501628886725	2
821092	5.171139165891277	5.171140383781598	1
821378	5.171086880827098	5.171090533225872	3
821664	5.171095484285547	5.171097918370526	2
821949	5.171064141449166	5.171066574690157	2
822235	5.1710800440263425	5.171084908815606	4
822521	5.171151861168286	5.171154292717146	2
822807	5.171168937551577	5.1711750143107675	5
823092	5.171189854840042	5.1711959294951235	5
823378	5.171282205742685	5.171289492796747	6
823664	5.171249441519843	5.171250655607141	1
823950	5.171336852964379	5.171338066630256	1
824236	5.171344129593951	5.171345342838702	1
824521	5.171312798582449	5.171316437058607	3
824807	5.171344326612165	5.171345539017007	1
825093	5.171403708430444	5.171404920415032	1
825379	5.171473953177873	5.1714751647425	1
825665	5.171511448347696	5.1715126594926515	1
825950	5.171541860887463	5.1715442823415465	2
826236	5.171533314936653	5.171540576784357	6
826522	5.171691739602817	5.171694159381118	2
826808	5.171729107604183	5.171731526545462	2
827094	5.1718027213351805	5.171806348492432	3
827379	5.171887369633505	5.171889786905396	2
827665	5.171940338180303	5.171941546398603	1
827951	5.171970321915186	5.171971529716131	1
828237	5.172061861520314	5.172067898439698	5
828523	5.17208936867172	5.172091782605914	2
828808	5.172183424870417	5.172185837974537	2
829094	5.1722156956870995	5.17222413863808	7
829380	5.1722467385275745	5.172255178567123	7
829666	5.172311508486548	5.172315124399457	3
829952	5.172323218692165	5.172326833359038	3
830237	5.17239053426913	5.172391738744479	1
830523	5.172421474179523	5.172423882300671	2
830809	5.172487298524691	5.172489705816861	2
831095	5.17250494829111	5.172510964450514	5
831381	5.172515369006509	5.172517774642432	2
831666	5.172544026087396	5.172551240522036	6
831952	5.172627747754678	5.172628949747101	1
832238	5.172686178713301	5.17269218661008	5
832524	5.17282384651974	5.172825047686313	1
832810	5.172883370756836	5.172886973019056	3
833095	5.1728914469538285	5.172892647297127	1
833381	5.17294850734538	5.172949707276744	1
833667	5.172951550199301	5.172964744916135	11
833953	5.172964183832902	5.172966582049588	2
834239	5.172993590565773	5.1729959879602845	2
834524	5.173089090307768	5.173090288595654	1
834810	5.173041769983589	5.17304296786095	1
835096	5.173090279440927	5.173095069309396	4
835382	5.17315192331173	5.173157908597504	5
835667	5.173211338966358	5.173216125561976	4
835953	5.1732477782841855	5.173252563242192	4
836239	5.173266255221295	5.173273430203566	6
836525	5.173227339290517	5.173229730133588	2
836811	5.173217130271949	5.173221910323837	4
837096	5.173228638053461	5.173229832659575	1
837382	5.173211270364063	5.173219629750819	7
837668	5.173273898489616	5.173276286070377	2
837954	5.173366318437528	5.173369898586318	3
838240	5.173502815422791	5.17350400839855	1
838525	5.173495125368952	5.173511821352971	14
838811	5.173564724353877	5.173568300844886	3
839097	5.173648576982161	5.173652152254149	3
839383	5.173726415712493	5.173731181117559	4
839669	5.173757754543755	5.173761327380194	3
839954	5.173736895115685	5.173739276198458	2
840240	5.173743216223936	5.1737491669046936	5
840526	5.173801881202961	5.173804260665345	2
840812	5.173830773109803	5.173833151762819	2
841098	5.17387391243351	5.173875101355609	1
841383	5.17382571314134	5.173826901660719	1
841669	5.173956745466448	5.173961497928521	4
841955	5.174010487496362	5.174011675208295	1
842241	5.174023824534783	5.174025011843404	1
842527	5.174054956102297	5.174057329913463	2
842812	5.174115935700963	5.174118308709415	2
843098	5.174151759344703	5.1741565037516395	4
843384	5.174178073096003	5.174189930091156	10
843670	5.174249410314459	5.174254151504735	4
843956	5.17420102469797	5.174211688761026	9
844241	5.174319892068734	5.174326999044112	6
844527	5.174400581627348	5.174401765722115	1
844813	5.174372316713876	5.174374684101688	2
845099	5.17438903607743	5.1743914026640665	2
845385	5.1744483282764655	5.174449511169467	1
845670	5.17449832677049	5.174499509264844	1
845956	5.174524443351664	5.1745268075408175	2
846242	5.17465925822637	5.174660439921441	1
846528	5.174730192031451	5.1747325546231195	2
846814	5.174838866622422	5.174841228416158	2
847099	5.174862678388241	5.174863858887804	1
847385	5.1748744667418	5.174876826944069	2
847671	5.174957029319158	5.174960568428081	3
847957	5.174895660982809	5.174899198898057	3
848243	5.174941614608078	5.174943972422997	2
848528	5.175069060773481	5.17507259630796	3
848814	5.175120815632164	5.175125528089782	4
849100	5.175125426922624	5.175127782357791	2
849386	5.175205383653604	5.175210092937722	4
849671	5.175216054213925	5.175217231140053	1
849957	5.175288867554476	5.1752900440845835	1
850243	5.175372217119106	5.175373393253458	1
850529	5.175422589941084	5.175424941418811	2
850815	5.175462350804817	5.175468227523022	5
851100	5.175524615203853	5.175528140054047	3
851386	5.175584282569833	5.175587806235949	3
851672	5.175603988389897	5.175609859194619	5
851958	5.175718756088915	5.175723451156043	4
852244	5.175720802962532	5.175726669826951	5
852529	5.175745341214199	5.175750033136703	4
852815	5.175756758499792	5.175759103674302	2
853101	5.1758279500317075	5.1758326388083	4
853387	5.175865111608215	5.17586628340952	1
853673	5.175918648006907	5.175925676459253	6
853958	5.175899751510028	5.175900922527806	1
854244	5.175957923029017	5.175960264280463	2
854530	5.175913075023697	5.175916585725487	3
854816	5.175905691985176	5.175908031669973	2
855102	5.175976667111058	5.175977836562188	1
855387	5.175975318773841	5.175976487835331	1
855673	5.1760006451062495	5.176001813776992	1
855959	5.1760224496734075	5.176027122794433	4
856245	5.176099130505872	5.176101466285934	2
856531	5.176131395127555	5.176132562627623	1
856816	5.176193021605572	5.176200024275924	6
857102	5.176281236072253	5.176283569516814	2
857388	5.176292413703014	5.176294746369205	2
857674	5.176335064371778	5.176338562204287	3
857960	5.176338057718309	5.176339223273812	1
858245	5.176335428694603	5.176337759031512	2
858531	5.176401318065393	5.176403647626003	2
858817	5.176447368880681	5.176452026450338	4
859103	5.176528309178294	5.1765329651974215	4
859389	5.176571959845891	5.176573123463298	1
859674	5.17664021477909	5.176641378010734	1
859960	5.176721010279548	5.176722173124332	1
860246	5.176755253729747	5.176757578646108	2
860532	5.1768406055788745	5.176842929722544	2
860818	5.176894535197916	5.176898020255153	3
861103	5.176939344073822	5.176942827977605	3
861389	5.176956055858619	5.176960699521355	4
861675	5.1770621173876465	5.177064438448371	2
861961	5.177105460687897	5.177110101269083	4
862246	5.177115347592219	5.177118826877712	3
862532	5.177235163449009	5.177237482203559	2
862818	5.177259862450714	5.177261021443688	1
863104	5.177322779178407	5.177328572223046	5
863390	5.177330059416949	5.177331217642085	1
863675	5.177365328393203	5.177371117607897	5
863961	5.177402683685953	5.177404998605261	2
864247	5.17747588363049	5.177479354860358	3
864533	5.1775178044100105	5.177518961103856	1
864819	5.177519226566484	5.177521539189125	2
865104	5.177552063104551	5.177555530895708	3
865390	5.177599694935232	5.177603161580328	3
865676	5.177699277789843	5.177703898456236	4
865962	5.177787247015458	5.177789556585624	2
866248	5.177860150903667	5.1778624597113065	2
866533	5.177910131524131	5.177917055668971	6
866819	5.178048704516168	5.178051011802926	2
867105	5.178028035820344	5.1780291890832135	1
867391	5.178076553711072	5.178078859476291	2
867677	5.178187274757772	5.178190732265578	3
867962	5.178207110449536	5.178211718946221	4
868248	5.178149560954934	5.178150712699598	1
868534	5.178218699555803	5.178219850921208	1
868820	5.178295849543058	5.1782981515158495	2
869106	5.178429328528396	5.178435081566575	5
869391	5.1785088642509525	5.1785123149422985	3
869677	5.1785042032846675	5.178511102397787	6
869963	5.17854322540154	5.178544374875713	1
870249	5.1785454507847755	5.178547748977591	2
870535	5.17865335684378	5.178655654281562	2
870820	5.178677568268988	5.178678716611929	1
871106	5.178764696833681	5.178766992765519	2
871392	5.178818488120157	5.17882881642246	9
871678	5.178837827729964	5.1788401221552	2
871964	5.178889266070618	5.17889270657963	3
872249	5.178951193982452	5.178953486905689	2
872535	5.17899912324434	5.17900026933017	1
872821	5.179107743741271	5.17910888945156	1
873107	5.17912581161301	5.17912924761799	3
873393	5.179261798525979	5.179265233405809	3
873678	5.17925025009214	5.179251394678588	1
873964	5.179251090433931	5.1792648209766075	12
874250	5.179314841292537	5.179318272805261	3
874536	5.179369402746142	5.179370546209647	1
874822	5.1793587724131305	5.179362201682171	3
875107	5.179390634516693	5.179391777234098	1
875393	5.179424555599599	5.179425697943667	1
875679	5.179484719857391	5.179487003799338	2
875965	5.179488906520238	5.1794923313146075	3
876250	5.17954122681883	5.1795503566333805	8
876536	5.179612702729837	5.1796161252932	3
876822	5.17973659420042	5.179738875165085	2
877108	5.179820501010138	5.179821641120592	1
877394	5.179818872707131	5.179821152184766	2
877679	5.179872140042089	5.17987327941081	1
877965	5.17988416394731	5.179885302944879	1
878251	5.179992963287261	5.179995240540574	2
878537	5.180008354798944	5.180009493054931	1
878823	5.180086319998453	5.180092009426244	5
879108	5.1801337264590925	5.18014055155908	6
879394	5.180164977245695	5.180166114392411	1
879680	5.1801405056384136	5.180143915969444	3
879966	5.180172870315444	5.180174006722987	1
880252	5.180208622076405	5.18021316622967	4
880537	5.180215027875035	5.180217299216274	2
880823	5.180242795658152	5.180245066261894	2
881109	5.180247846747678	5.180251251547765	3
881395	5.180252894559193	5.180255163689378	2
881681	5.180246597125264	5.180248865519388	2
881966	5.180266586240286	5.1802688539013975	2
882252	5.180318095056741	5.180319228519743	1
882538	5.1803423761923	5.180346908575041	4
882824	5.180458392612797	5.180459525341404	1
883110	5.180487142032137	5.180490539117438	3
883395	5.180552301065775	5.1805534330622205	1
883681	5.180574211734777	5.180576474994936	2
883967	5.180639096255856	5.180640227519806	1
884253	5.180732211256281	5.180733342154338	1
884539	5.180801524862103	5.180803785926907	2
884824	5.180781714781697	5.180782844949956	1
885110	5.180789958310267	5.180791088113342	1
885396	5.180808361456343	5.18080949089447	1
885682	5.180876431947358	5.180878690094187	2
885968	5.180825944052155	5.180830458887906	4
886253	5.1809686398804855	5.180969768226454	1
886539	5.180894467135682	5.180895595117643	1
886825	5.180884616468863	5.180890254559806	5
887111	5.180925498612913	5.180927753122214	2
887397	5.180939309012764	5.180940435904111	1
887682	5.18104231019667	5.181045689785306	3
887968	5.1810763450935164	5.181077471260226	1
888254	5.181144132196422	5.181145258000527	1
888540	5.18120287212731	5.181203997569046	1
888825	5.181221275279161	5.181226900683487	5
889111	5.1812383380702745	5.181239462789236	1
889397	5.1812284053128135	5.18123290274197	4
889683	5.181199371011922	5.181201619003622	2
889969	5.1811961989687285	5.181199569872659	3
890254	5.18123816349042	5.181244903140002	6
890540	5.181268668448357	5.181272037190918	3
890826	5.181349668734411	5.181351913841761	2
891112	5.181429494833422	5.181430617026816	1
891398	5.1815485338760014	5.1815518993760366	3
891683	5.181611626553383	5.181612748028167	1
891969	5.181608329437458	5.181610571667849	2
892255	5.18163641559868	5.1816375363545175	1
892541	5.181699216058422	5.181701456851842	2
892827	5.1817238949986955	5.18172613507432	2
893112	5.181773394602245	5.18177675364344	3
893398	5.181886460457713	5.18189429571143	7
893684	5.181975955706939	5.181981550525689	5
893970	5.182054207635603	5.182059800664452	5
894256	5.182191676656349	5.182192794904368	1
894541	5.18226218809423	5.1822644238777205	2
894827	5.182248635769819	5.18224975330427	1
895113	5.182311060167822	5.182314411699975	3
895399	5.18235892602069	5.182361159661782	2
895685	5.182394480202303	5.182395596666239	1
895970	5.182478207975714	5.182482672410907	4
896256	5.18248469187375	5.182485807626392	1
896542	5.182538018296968	5.182539133693681	1
896828	5.182545594026949	5.1825489391499815	3
897114	5.182603325775766	5.182606669832373	3
897399	5.1826300229886595	5.182631137320189	1
897685	5.182779037190105	5.182783493096131	4
897971	5.182817707921525	5.1828232760300725	5
898257	5.1828841857063175	5.182885298973456	1
898543	5.182948395346689	5.182949508259482	1
898828	5.183063945493465	5.183065058053376	1
899114	5.1830768956995446	5.183079120111577	2
899400	5.18309206137425	5.183093173226595	1
899686	5.18318057633441	5.183187245327814	6
899972	5.183180143382239	5.183181254527919	1
900257	5.183252115784715	5.18325433737255	2
900543	5.183240555975672	5.183243887299107	3
900829	5.183318920683059	5.183322250948848	3
901115	5.183284042547289	5.183286262019831	2
901400	5.183331484357666	5.183332593743066	1
901686	5.18338645603902	5.183388674106063	2
901972	5.1834635664965205	5.183464675178387	1
902258	5.1834541782949	5.1834575032862	3
902544	5.183473603502987	5.1834780354198795	4
902829	5.183498757793558	5.183500973052483	2
903115	5.183546945848535	5.183550267684625	3
903401	5.183694726926359	5.183695833854512	1
903687	5.183662042277913	5.183664255433574	2
903973	5.183707920479926	5.183709026707656	1
904258	5.183684302488891	5.183689831884263	5
904544	5.183746727632929	5.18374893869176	2
904830	5.183773747554789	5.183777063094725	3
905116	5.1837698151397165	5.183774234462765	4
905402	5.183761467281936	5.183762571763703	1
905687	5.18377430613446	5.183775410268669	1
905973	5.183786934047704	5.183788037833357	1
906259	5.183830450235528	5.183833760547482	3
906545	5.183930196515341	5.183933505782945	3
906831	5.183969229106636	5.1839747428131595	5
907116	5.184027180647238	5.184030487831766	3
907402	5.18409811748266	5.184102525672194	4
907688	5.184166806215352	5.184167907915495	1
907974	5.184279505800827	5.184283911213317	4
908260	5.184370114284456	5.184371215290776	1
908545	5.184365111249305	5.1843684132321455	3
908831	5.184384115418598	5.184386316047758	2
909117	5.184424007030998	5.184425106999429	1
909403	5.184392398089736	5.184397896202234	5
909689	5.184415772863034	5.184419070693391	3
909974	5.184389883667006	5.184393180464497	3
910260	5.1843945685848	5.184395667172017	1
910546	5.184448671456467	5.184456359151542	7
910832	5.1845060340436	5.184507131940907	1
911118	5.184585311672033	5.184587506777388	2
911403	5.184614270525771	5.184616464944706	2
911689	5.184655074263263	5.184658364859069	3
911975	5.1847331341319665	5.184735327174539	2
912261	5.184838549494059	5.184840741849098	2
912547	5.184944994613976	5.184947186281912	2
912832	5.184991323704691	5.185000087639347	8
913118	5.184941048144927	5.184945428739769	4
913404	5.184964156057998	5.184965250863802	1
913690	5.184983966115422	5.1849850605785335	1
913976	5.184972034276611	5.184974222517878	2
914261	5.185060939928532	5.185063127487665	2
914547	5.185086168343453	5.18508726178097	1
914833	5.185065470965739	5.185067657157099	2
915119	5.1851628039632	5.185167174979429	4
915404	5.1851980109328775	5.185200195760561	2
915690	5.185285413185685	5.185287597330975	2
915976	5.1853487427618195	5.185352017956802	3
916262	5.185380382467024	5.185381473857914	1
916548	5.185398909822508	5.18540000087284	1
916833	5.185370727275306	5.185373999408834	3
917119	5.185360896459456	5.185363077201541	2
917405	5.185400123173516	5.185401213204637	1
917691	5.18544150482025	5.1854425945116605	1
917977	5.18540442734404	5.185405516695952	1
918262	5.185407868342586	5.18541222439783	4
918548	5.185445942944734	5.185452474993141	6
918834	5.185523173935662	5.1855253506074	2
919120	5.185549220993995	5.185552484985639	3
919406	5.185590479070182	5.185594829705266	4
919691	5.1855699359893705	5.18557102331109	1
919977	5.185598118213825	5.185600292181218	2
920263	5.185680615215433	5.1856817018613155	1
920549	5.185760888339458	5.185765233572575	4
920835	5.185886722376973	5.185887808347858	1
921120	5.185931257599444	5.185932343234324	1
921406	5.185969051644986	5.185973392836599	4
921692	5.186041540992002	5.186042625953139	1
921978	5.186006607532935	5.186008776782092	2
922264	5.186034584457379	5.186040005898528	5
922549	5.186034562933784	5.186035646887049	1
922835	5.186126447306398	5.18612753092373	1
923121	5.18615327784765	5.186155444410863	2
923407	5.186147603386156	5.186149769278336	2
923693	5.186231789133402	5.186232871744183	1
923978	5.186237118199784	5.186238200476635	1
924264	5.186300667341799	5.18630283122571	2
924550	5.18629711751663	5.186299280731166	2
924836	5.1863065451604395	5.186308707706015	2
925122	5.18634623325356	5.186348395130588	2
925407	5.186399065492265	5.1864001460978795	1
925693	5.186373884214313	5.186374964486066	1
925979	5.186360597810533	5.186363837624827	3
926265	5.1864153347044315	5.186420732727675	5
926551	5.186517525748718	5.186519684291529	2
926836	5.1865173558213105	5.186519513700374	2
927122	5.1864964912924085	5.186498648505806	2
927408	5.1865877801356035	5.186592093231889	4
927694	5.186633739142433	5.18663697296738	3
927979	5.186693879926162	5.186698190368532	4
928265	5.186670832143839	5.186672986700996	2
928551	5.18673610819438	5.18673718514115	1
928837	5.186778735127907	5.186779811743072	1
929123	5.186811649264952	5.186812725548716	1
929408	5.186790946494973	5.186793098402424	2
929694	5.186782962996427	5.186784038619159	1
929980	5.186839501924773	5.18684380309254	4
930266	5.186891706243161	5.186892781204516	1
930552	5.18696107256768	5.186970744246426	9
930837	5.186936058622509	5.186939281528345	3
931123	5.186894749673244	5.186902267477015	7
931409	5.187000555073013	5.187003775999588	3
931695	5.1871062955151634	5.1871084421404	2
931981	5.1871218404667045	5.187122913449953	1
932266	5.187126850062107	5.187127922717336	1
932552	5.187104847772564	5.187106992425087	2
932838	5.187098938936878	5.187100010934374	1
933124	5.187079102027169	5.1870812453650315	2
933410	5.187144984519128	5.187147127200266	2
933695	5.187146766342328	5.187147837355882	1
933981	5.187229718805843	5.187232930862619	3
934267	5.187282650462876	5.187288002252033	5
934553	5.1873066589053805	5.187309868996194	3
934839	5.187375580180117	5.187378789288851	3
935124	5.187353762709544	5.187364456478499	10
935410	5.187330689216493	5.187331758266429	1
935696	5.187374959388519	5.187376028111695	1
935982	5.187381808624525	5.18738287702114	1
936268	5.187448465610274	5.187449533680527	1
936553	5.187559059658129	5.187560127403361	1
936839	5.187594666746367	5.187597869004173	3
937125	5.187617446978791	5.18762491663332	7
937411	5.187701019083412	5.187704219387228	3
937697	5.187758945586901	5.187766410684901	7
937982	5.1877850534445225	5.187788251800141	3
938268	5.187803484718652	5.187805616305789	2
938554	5.1877846133520285	5.187785678820824	1
938840	5.187840313578459	5.18784350901112	3
939126	5.1878991743386935	5.1879002391585365	1
939411	5.187963521823781	5.187970973301356	7
939697	5.18797654988789	5.187977614060703	1
939983	5.188062975607005	5.1880651033050595	2
940269	5.1881174429870605	5.188118506512498	1
940555	5.1881825092631475	5.188185698869285	3
940840	5.188156328387398	5.1881584541473575	2
941126	5.188205405014844	5.188207530128803	2
941412	5.188284194380357	5.188287381082884	3
941698	5.1883119641328745	5.188327892806399	15
941983	5.188343101733259	5.188344163323542	1
942269	5.188323079715028	5.188324140983095	1
942555	5.188337020120842	5.188338081066887	1
942841	5.188382770795924	5.188383831420144	1
943127	5.188448639472733	5.1884496997753216	1
943412	5.188497708318317	5.188499828282871	2
943698	5.188539130103063	5.188545488069276	6
943984	5.188602772928355	5.188611247648265	8
944270	5.188634606627342	5.188635665646478	1
944556	5.188706651590801	5.188707710289279	1
944841	5.188691007270006	5.188692065649141	1
945127	5.188713262873667	5.18871432093253	1
945413	5.188746082399967	5.188749255616329	3
945699	5.188802145291472	5.188805317548184	3
945985	5.188801090926389	5.188802148025603	1
946270	5.188898517336489	5.1889069715831635	8
946556	5.18889532156576	5.188902716796471	7
946842	5.188890015440802	5.18889212772564	2
947128	5.1888889358143775	5.188889991637878	1
947414	5.188978630250345	5.1889807412598925	2
947699	5.1889967173121425	5.188997772499496	1
947985	5.1890620632183	5.189065227825335	3
948271	5.189078860367975	5.189079914918836	1
948557	5.1891040812518385	5.189108298183451	4
948843	5.189122963440738	5.189125071271011	2
949128	5.189213678239394	5.189215785436738	2
949414	5.189162999492319	5.18916615933618	3
949700	5.18915762872486	5.189159734653049	2
949986	5.18919857766325	5.189199630310341	1
950272	5.189261600889009	5.189262653219289	1
950557	5.189238520151869	5.1892427282109335	4
950843	5.189322527483506	5.189326734276847	4
951129	5.189271907385854	5.189275061532137	3
951415	5.189308556203129	5.1893096072691725	1
951701	5.18932206648937	5.189323117239553	1
951986	5.1893242127510275	5.189328414493491	4
952272	5.189370263958197	5.189371314078331	1
952558	5.189451980876755	5.189455130291279	3
952844	5.189515807414435	5.189516856904173	1
953130	5.189477825690095	5.1894841207390385	6
953415	5.189506143704473	5.189507192565672	1
953701	5.189493352738437	5.189496498378422	3
953987	5.18955604216829	5.189561283329857	5
954273	5.189566298113852	5.189572585622773	6
954558	5.189586174962653	5.1895882701732114	2
954844	5.189613172413504	5.189617361579483	4
955130	5.189640153696356	5.1896443416079485	4
955416	5.189757131971832	5.189761318629791	4
955702	5.189809166455652	5.18981125915819	2
955987	5.189855092171755	5.189856138211084	1
956273	5.189895563296256	5.189899746202183	4
956559	5.189923465254103	5.189926601495569	3
956845	5.18994926032952	5.189951350532218	2
957131	5.190043996067414	5.19005130959085	7
957416	5.190181697402174	5.190185875314388	4
957702	5.190231408099805	5.190232452265945	1
957988	5.190201756180662	5.190203843889485	2
958274	5.19023056036165	5.19023369099026	3
958560	5.190301076614922	5.19030316307795	2
958845	5.190331075408434	5.190332118329866	1
959131	5.190271193403195	5.190272236013642	1
959417	5.1903030694682295	5.190304111767876	1
959703	5.190354724326172	5.190358892282299	4
959989	5.190412598477691	5.190413640156294	1
960274	5.190423774880919	5.190426898989247	3
960560	5.190442033813609	5.190443074872991	1
960846	5.190449874381534	5.190454037379559	4
961132	5.1904712360008824	5.190472276440697	1
961418	5.190493625041345	5.19049986582319	6
961703	5.190487083850211	5.190491243138474	4
961989	5.190503217812262	5.1905063363510395	3
962275	5.190553635914889	5.190554675118859	1
962561	5.190597790685473	5.190601946266263	4
962847	5.190649189331223	5.190650227917831	1
963132	5.19067272191143	5.190673760190711	1
963418	5.190699156544719	5.190701232486833	2
963704	5.190719349509808	5.190723500161876	4
963990	5.1907270822311435	5.190731231651781	4
964276	5.190762810647574	5.190763847695059	1
964561	5.190783164569167	5.190787311533433	4
964847	5.190832328856285	5.190834401723797	2
965133	5.190903222664648	5.190908403297784	5
965419	5.1909678595511375	5.190970967010179	3
965705	5.190993108661548	5.190994144174463	1
965990	5.191106533193925	5.191107568401329	1
966276	5.191089295398002	5.191091365200005	2
966562	5.191155869980404	5.191158973764746	3
966848	5.191214130866486	5.191218268021447	4
967133	5.191239467580984	5.191241535548885	2
967419	5.1913431512095585	5.19134418488783	1
967705	5.191399238404266	5.191402338522587	3
967991	5.191463556995881	5.191465623130793	2
968277	5.191492723673081	5.191496854722358	4
968562	5.191517941030105	5.191524135780673	6
968848	5.191564621075752	5.191572878304956	8
969134	5.191631910551069	5.1916350060982275	3
969420	5.191589816591364	5.191591879680634	2
969706	5.191624059250948	5.191626121731741	2
969991	5.191647138994073	5.191649200868874	2
970277	5.191689589673877	5.191693712207957	4
970563	5.191689771812855	5.1916908021426735	1
970849	5.1917311548963845	5.191733214948978	2
971135	5.191732354410046	5.191736473301858	4
971420	5.191767721479896	5.191768750900743	1
971706	5.191817278065588	5.191819336301309	2
971992	5.191859603782747	5.191862690227903	3
972278	5.191907047161409	5.191913218235936	6
972564	5.191946236957157	5.191949321587063	3
972849	5.191998963867979	5.19200101968548	2
973135	5.192051462541168	5.1920535177544735	2
973421	5.192098793841514	5.192099821146246	1
973707	5.1921060442206945	5.192109125229663	3
973993	5.192180025934478	5.192181052635902	1
974278	5.1921546006376005	5.192157679840867	3
974564	5.192190559060257	5.192195689559639	5
974850	5.192231625378263	5.192237780171308	6
975136	5.192242928165918	5.192246004659863	3
975422	5.192271652679558	5.192276778666054	5
975707	5.192287233769974	5.19228928356566	2
975993	5.192319002287927	5.192322076080464	3
976279	5.192326169056182	5.192327193353539	1
976565	5.192350739582107	5.192353811574242	3
976851	5.19239372227699	5.192399864462441	6
977136	5.192460414926888	5.192462461724878	2
977422	5.192534033406246	5.192536079605329	2
977708	5.192570788006235	5.192573856407026	3
977994	5.192615701118821	5.192619791123463	4
978280	5.192763830396205	5.192765874800671	2
978565	5.1927618502603305	5.192770025496518	8
978851	5.192789300925268	5.192790322531213	1
979137	5.19284226824234	5.192844310857418	2
979423	5.192924813895528	5.192927876923454	3
979709	5.192935861567057	5.1929368822783095	1
979994	5.1930022020542985	5.193003222468709	1
980280	5.193027502346268	5.193029542579671	2
980566	5.193103778837936	5.193104798657102	1
980852	5.193157581368035	5.193159620411642	2
981137	5.193212568683069	5.193214607134376	2
981423	5.193268346064847	5.193270383922121	2
981709	5.19327214072602	5.193274177989608	2
981995	5.193360454992133	5.193363509997505	3
982281	5.193374401011523	5.193376437088776	2
982566	5.193408890598698	5.193410926085372	2
982852	5.193440111023837	5.193444180812574	4
983138	5.193538445264042	5.193539462415246	1
983424	5.193587913250033	5.193590963816217	3
983710	5.193623120635147	5.193624137194905	1
983995	5.193660536892972	5.1936635856889515	3
984281	5.193741421403034	5.1937434533431	2
984567	5.193753193028001	5.193754208702912	1
984853	5.193753788636477	5.1937578501563175	4
985139	5.193742202876955	5.193745248132497	3
985424	5.193812003766906	5.193813018558509	1
985710	5.193890698075499	5.193891712572664	1
985996	5.19392675020994	5.193928778615735	2
986282	5.193941489350916	5.193943517168518	2
986568	5.193935947648819	5.193937974878569	2
986853	5.193969111914337	5.1939751918472155	6
987139	5.19399496930017	5.19399699535729	2
987425	5.1940785376104515	5.194086639491607	8
987711	5.194114472755695	5.194121559848984	7
987997	5.194112937589892	5.194113949738714	1
988282	5.194188500852995	5.194189512709935	1
988568	5.194161656051986	5.1941626676161885	1
988854	5.19418437908933	5.194189435447498	5
989140	5.1942677477404615	5.194270780678165	3
989426	5.194290426974832	5.194293459035845	3
989711	5.194288029535895	5.194293081515715	5
989997	5.194305639310018	5.19430765951816	2
990283	5.1944131122113575	5.194418161273091	5
990569	5.194404428161996	5.194405437682787	1
990855	5.194426026007842	5.194427035237244	1
991140	5.194487156203967	5.194490183021571	3
991426	5.19455309826452	5.194558141505266	5
991712	5.194589759930302	5.194591776644832	2
991998	5.194630432722646	5.1946334569222925	3
992284	5.194654957653253	5.194655965429252	1
992569	5.194690746940515	5.194695784373681	5
992855	5.194720276374698	5.194726319553208	6
993141	5.194734685205827	5.194737705924939	3
993427	5.194703787998514	5.194706807847985	3
993712	5.194664047530874	5.194666060186452	2
993998	5.194705623150147	5.194707635226631	2
994284	5.194697893157287	5.194701916152729	4
994570	5.194639894627829	5.194640900087475	1
994856	5.194682446504821	5.194684456846016	2
995141	5.194769384438989	5.1947703893217145	1
995427	5.1947656633786305	5.1947666679726385	1
995713	5.1948111554233	5.194812159728757	1
995999	5.194850597239555	5.194860637410279	10
996285	5.194948232684423	5.194950240142128	2
996570	5.194985801298453	5.194987808182065	2
996856	5.194980017173995	5.194981020327911	1
997142	5.1949912850927955	5.1949922879589865	1
997428	5.1950586909531316	5.195059693531764	1
997714	5.195136081081352	5.195139087955066	3
997999	5.195181558298154	5.1951825603031665	1
998285	5.195126642191358	5.195128645627251	2
998571	5.1952209707672266	5.195222973629316	2
998857	5.195271194975858	5.195277201841705	6
999143	5.195357421310063	5.195359423025533	2
999428	5.195366749780875	5.195370752070184	4
999714	5.195422890946811	5.195425891805057	3
1000000	5.195523	5.195525	2
